gene,functional_category,disease_class,LOEUF,pLI,betweenness_centrality,tissue_breadth,max_tpm,median_tpm_all,Adipose - Subcutaneous,Adipose - Visceral (Omentum),Adrenal Gland,Artery - Aorta,Artery - Coronary,Artery - Tibial,Bladder,Brain - Amygdala,Brain - Anterior cingulate cortex (BA24),Brain - Caudate (basal ganglia),Brain - Cerebellar Hemisphere,Brain - Cerebellum,Brain - Cortex,Brain - Frontal Cortex (BA9),Brain - Hippocampus,Brain - Hypothalamus,Brain - Nucleus accumbens (basal ganglia),Brain - Putamen (basal ganglia),Brain - Spinal cord (cervical c-1),Brain - Substantia nigra,Breast - Mammary Tissue,Cells - Cultured fibroblasts,Cells - EBV-transformed lymphocytes,Cervix - Ectocervix,Cervix - Endocervix,Colon - Sigmoid,Colon - Transverse,Esophagus - Gastroesophageal Junction,Esophagus - Mucosa,Esophagus - Muscularis,Fallopian Tube,Heart - Atrial Appendage,Heart - Left Ventricle,Kidney - Cortex,Kidney - Medulla,Liver,Lung,Minor Salivary Gland,Muscle - Skeletal,Nerve - Tibial,Ovary,Pancreas,Pituitary,Prostate,Skin - Not Sun Exposed (Suprapubic),Skin - Sun Exposed (Lower leg),Small Intestine - Terminal Ileum,Spleen,Stomach,Testis,Thyroid,Uterus,Vagina,Whole Blood
OCA2,Pigment-specific,Isolated pigment,0.856,0.0,0.001296,21.0,10.5279,0.4695745,False,False,False,True,True,True,False,False,True,False,False,False,True,True,False,True,True,False,False,False,False,False,False,True,True,False,False,False,True,False,True,False,False,False,False,False,True,True,False,True,False,False,True,False,True,True,False,False,False,True,True,False,True,False
DCT,Pigment-specific,Isolated pigment,1.174,0.0,0.001615,9.0,24.2014,0.514391,False,False,False,False,False,False,False,False,False,True,False,False,True,True,False,False,True,False,False,False,False,False,False,False,False,False,False,False,False,False,True,False,False,False,False,False,False,False,False,False,False,False,True,False,True,True,False,False,False,True,False,False,False,False
PMEL,Pigment-specific,Isolated pigment,1.287,0.0,0.0,23.0,38.1522,0.8107530000000001,False,True,False,True,False,False,False,False,False,False,False,False,False,False,False,False,False,False,False,False,True,False,True,True,True,False,True,False,False,False,True,False,False,False,True,True,True,True,False,False,True,True,False,True,True,True,True,False,True,True,True,True,True,False
TYRP1,Pigment-specific,Isolated pigment,1.889,0.0,0.000396,8.0,40.8291,0.10801165,False,False,False,False,False,False,False,False,False,False,False,False,False,True,False,False,False,False,False,False,False,False,False,False,False,False,False,False,False,False,False,True,True,False,True,False,True,False,False,False,False,False,False,False,True,True,True,False,False,False,False,False,False,False
MLANA,Pigment-specific,Isolated pigment,1.952,0.0,0.001296,2.0,10.0225,0.180447,False,False,False,False,False,False,False,False,False,False,False,False,False,False,False,False,False,False,False,False,False,False,False,False,False,False,False,False,False,False,False,False,False,False,False,False,False,False,False,False,False,False,False,False,True,True,False,False,False,False,False,False,False,False
TYR,Pigment-specific,Isolated pigment,1.964,0.0,0.026506,2.0,7.67646,0.0,False,False,False,False,False,False,False,False,False,False,False,False,False,False,False,False,False,False,False,False,False,False,False,False,False,False,False,False,False,False,False,False,False,False,False,False,False,False,False,False,False,False,False,False,True,True,False,False,False,False,False,False,False,False
MC1R,Pigment-specific,Isolated pigment,1.967,0.0,0.016532,53.0,53.8772,5.004695,True,True,True,True,True,True,True,True,True,True,True,True,True,True,True,True,True,True,True,True,True,True,True,True,True,True,True,True,True,True,True,True,True,True,True,True,True,True,False,True,True,True,True,True,True,True,True,True,True,True,True,True,True,True
TFAP2A,Developmental/NC,Syndromic/developmental,0.261,0.98964,0.039932,15.0,63.1613,0.3253175,False,False,False,False,False,False,False,False,False,False,True,True,False,False,False,False,False,False,False,False,True,False,False,True,True,True,False,False,True,False,False,False,False,True,True,False,False,True,False,False,False,False,False,True,True,True,False,False,False,True,False,False,True,False
KIT,Developmental/NC,Syndromic/developmental,0.305,0.98087,0.067583,46.0,44.4616,7.6505,True,True,False,True,True,True,True,True,True,True,True,True,True,True,True,True,True,True,True,True,True,False,False,True,True,True,True,True,True,True,True,False,False,True,True,False,True,True,False,True,True,True,True,True,True,True,True,True,True,True,True,True,True,False
MITF,Developmental/NC,Syndromic/developmental,0.308,0.98119,0.082398,49.0,70.7649,7.50488,True,True,True,True,True,True,True,True,True,True,False,False,True,True,True,True,True,True,True,True,True,True,False,True,True,True,True,True,True,True,True,True,True,True,True,False,True,True,True,True,True,True,True,True,True,True,True,True,True,True,True,True,True,False
KITLG,Developmental/NC,Syndromic/developmental,0.419,0.85024,0.061606,51.0,65.552,7.179690000000001,True,True,True,True,True,True,True,True,True,True,True,True,True,True,True,True,True,True,True,True,True,True,False,True,True,True,True,True,True,True,True,True,True,True,True,False,True,True,True,True,True,True,True,True,True,True,True,True,True,True,True,True,True,False
PAX3,Developmental/NC,Syndromic/developmental,0.475,0.24063,0.0,9.0,4.62526,0.0141223,False,False,False,False,False,True,False,False,False,False,True,True,False,False,False,False,False,False,False,False,True,True,False,False,False,False,False,False,False,False,False,False,False,False,False,False,False,True,False,False,False,False,False,False,True,True,False,False,False,True,False,False,False,False
EDNRB,Developmental/NC,Syndromic/developmental,0.593,0.009242,0.061938,52.0,73.2046,15.1266,True,True,True,True,True,True,True,True,True,True,True,True,True,True,True,True,True,True,True,True,True,True,False,True,True,True,True,True,True,True,True,True,True,True,True,True,True,True,True,True,True,True,True,True,True,True,True,True,True,True,True,True,True,False
EDN1,Developmental/NC,Syndromic/developmental,0.635,0.45504,0.047435,53.0,64.4625,8.986565,True,True,True,True,True,True,True,True,True,True,True,True,True,True,True,True,True,True,True,True,True,True,True,True,True,True,True,True,True,True,True,True,True,True,True,True,True,True,True,True,True,True,True,True,True,True,True,True,True,True,True,True,True,False
PRKCB,Generic signaling,Not classified,0.081,1.0,0.051497,42.0,101.317,3.37526,True,True,False,True,True,True,True,True,True,True,True,True,True,True,True,True,True,True,True,True,True,False,True,True,True,True,True,True,False,True,True,False,False,False,True,False,True,False,False,True,False,False,False,True,True,True,True,True,True,True,True,True,True,True
STAT3,Generic signaling,Syndromic/developmental,0.095,1.0,0.01151,54.0,172.983,83.3811,True,True,True,True,True,True,True,True,True,True,True,True,True,True,True,True,True,True,True,True,True,True,True,True,True,True,True,True,True,True,True,True,True,True,True,True,True,True,True,True,True,True,True,True,True,True,True,True,True,True,True,True,True,True
PIK3CA,Generic signaling,Syndromic/developmental,0.117,1.0,0.05303,54.0,23.1876,9.591695,True,True,True,True,True,True,True,True,True,True,True,True,True,True,True,True,True,True,True,True,True,True,True,True,True,True,True,True,True,True,True,True,True,True,True,True,True,True,True,True,True,True,True,True,True,True,True,True,True,True,True,True,True,True
CTNNB1,Generic signaling,Syndromic/developmental,0.129,0.99999,0.003889,54.0,297.537,104.592,True,True,True,True,True,True,True,True,True,True,True,True,True,True,True,True,True,True,True,True,True,True,True,True,True,True,True,True,True,True,True,True,True,True,True,True,True,True,True,True,True,True,True,True,True,True,True,True,True,True,True,True,True,True
NFKB1,Generic signaling,Other Mendelian,0.138,1.0,0.214664,54.0,98.0008,22.53485,True,True,True,True,True,True,True,True,True,True,True,True,True,True,True,True,True,True,True,True,True,True,True,True,True,True,True,True,True,True,True,True,True,True,True,True,True,True,True,True,True,True,True,True,True,True,True,True,True,True,True,True,True,True
PRKCD,Generic signaling,Not classified,0.171,0.99995,0.061557,54.0,133.745,25.7949,True,True,True,True,True,True,True,True,True,True,True,True,True,True,True,True,True,True,True,True,True,True,True,True,True,True,True,True,True,True,True,True,True,True,True,True,True,True,True,True,True,True,True,True,True,True,True,True,True,True,True,True,True,True
MAPK1,Generic signaling,Not classified,0.175,0.99698,0.029841,54.0,62.4546,27.9934,True,True,True,True,True,True,True,True,True,True,True,True,True,True,True,True,True,True,True,True,True,True,True,True,True,True,True,True,True,True,True,True,True,True,True,True,True,True,True,True,True,True,True,True,True,True,True,True,True,True,True,True,True,True
STAT1,Generic signaling,Not classified,0.187,0.99999,0.00175,54.0,501.452,33.23665,True,True,True,True,True,True,True,True,True,True,True,True,True,True,True,True,True,True,True,True,True,True,True,True,True,True,True,True,True,True,True,True,True,True,True,True,True,True,True,True,True,True,True,True,True,True,True,True,True,True,True,True,True,True
MAPK8,Generic signaling,Not classified,0.207,0.99823,0.026018,54.0,32.1608,9.155415,True,True,True,True,True,True,True,True,True,True,True,True,True,True,True,True,True,True,True,True,True,True,True,True,True,True,True,True,True,True,True,True,True,True,True,True,True,True,True,True,True,True,True,True,True,True,True,True,True,True,True,True,True,True
JAK1,Generic signaling,Syndromic/developmental,0.214,0.99998,0.009681,54.0,139.896,58.1496,True,True,True,True,True,True,True,True,True,True,True,True,True,True,True,True,True,True,True,True,True,True,True,True,True,True,True,True,True,True,True,True,True,True,True,True,True,True,True,True,True,True,True,True,True,True,True,True,True,True,True,True,True,True
MAP3K1,Generic signaling,Not classified,0.214,0.99998,0.015885,54.0,37.2243,5.955629999999999,True,True,True,True,True,True,True,True,True,True,True,True,True,True,True,True,True,True,True,True,True,True,True,True,True,True,True,True,True,True,True,True,True,True,True,True,True,True,True,True,True,True,True,True,True,True,True,True,True,True,True,True,True,True
MAP2K4,Generic signaling,Not classified,0.22,0.99709,0.002671,54.0,62.9933,20.62455,True,True,True,True,True,True,True,True,True,True,True,True,True,True,True,True,True,True,True,True,True,True,True,True,True,True,True,True,True,True,True,True,True,True,True,True,True,True,True,True,True,True,True,True,True,True,True,True,True,True,True,True,True,True
CREB1,Generic signaling,Not classified,0.223,0.99673,0.076145,54.0,20.6387,10.47415,True,True,True,True,True,True,True,True,True,True,True,True,True,True,True,True,True,True,True,True,True,True,True,True,True,True,True,True,True,True,True,True,True,True,True,True,True,True,True,True,True,True,True,True,True,True,True,True,True,True,True,True,True,True
MAP2K7,Generic signaling,Not classified,0.232,0.99552,0.004845,54.0,66.0568,35.3835,True,True,True,True,True,True,True,True,True,True,True,True,True,True,True,True,True,True,True,True,True,True,True,True,True,True,True,True,True,True,True,True,True,True,True,True,True,True,True,True,True,True,True,True,True,True,True,True,True,True,True,True,True,True
PRKG1,Generic signaling,Not classified,0.235,0.99938,0.010222,49.0,69.3241,3.094865,True,True,True,True,True,True,True,True,True,True,False,True,True,True,True,True,True,True,True,True,True,True,False,True,True,True,True,True,True,True,True,True,True,True,True,False,True,True,True,True,True,False,True,True,True,True,True,True,True,True,True,True,True,False
SRC,Generic signaling,Not classified,0.244,0.99691,0.00722,54.0,59.3292,18.4398,True,True,True,True,True,True,True,True,True,True,True,True,True,True,True,True,True,True,True,True,True,True,True,True,True,True,True,True,True,True,True,True,True,True,True,True,True,True,True,True,True,True,True,True,True,True,True,True,True,True,True,True,True,True
WNT5A,Generic signaling,Syndromic/developmental,0.269,0.98732,0.0,41.0,128.426,2.30215,False,True,False,False,True,False,True,True,True,False,True,True,True,True,True,True,False,False,True,True,True,True,False,True,True,True,True,True,True,True,True,True,False,False,True,False,True,True,False,True,True,True,True,True,True,True,True,True,True,True,True,True,True,False
ATF2,Generic signaling,Not classified,0.283,0.99131,0.0,54.0,48.2523,19.74245,True,True,True,True,True,True,True,True,True,True,True,True,True,True,True,True,True,True,True,True,True,True,True,True,True,True,True,True,True,True,True,True,True,True,True,True,True,True,True,True,True,True,True,True,True,True,True,True,True,True,True,True,True,True
PDPK1,Generic signaling,Not classified,0.29,0.98013,0.026079,54.0,34.4443,14.2306,True,True,True,True,True,True,True,True,True,True,True,True,True,True,True,True,True,True,True,True,True,True,True,True,True,True,True,True,True,True,True,True,True,True,True,True,True,True,True,True,True,True,True,True,True,True,True,True,True,True,True,True,True,True
HIF1A,Generic signaling,Not classified,0.309,0.9777,0.007057,54.0,503.882,53.7147,True,True,True,True,True,True,True,True,True,True,True,True,True,True,True,True,True,True,True,True,True,True,True,True,True,True,True,True,True,True,True,True,True,True,True,True,True,True,True,True,True,True,True,True,True,True,True,True,True,True,True,True,True,True
AKT1,Generic signaling,Other Mendelian,0.315,0.9759,0.063527,54.0,88.7644,50.03905,True,True,True,True,True,True,True,True,True,True,True,True,True,True,True,True,True,True,True,True,True,True,True,True,True,True,True,True,True,True,True,True,True,True,True,True,True,True,True,True,True,True,True,True,True,True,True,True,True,True,True,True,True,True
PRKACA,Generic signaling,Other Mendelian,0.318,0.97142,0.035949,54.0,143.526,64.73804999999999,True,True,True,True,True,True,True,True,True,True,True,True,True,True,True,True,True,True,True,True,True,True,True,True,True,True,True,True,True,True,True,True,True,True,True,True,True,True,True,True,True,True,True,True,True,True,True,True,True,True,True,True,True,True
MAP2K2,Generic signaling,Other Mendelian,0.325,0.96673,0.012941,54.0,196.936,89.9879,True,True,True,True,True,True,True,True,True,True,True,True,True,True,True,True,True,True,True,True,True,True,True,True,True,True,True,True,True,True,True,True,True,True,True,True,True,True,True,True,True,True,True,True,True,True,True,True,True,True,True,True,True,True
GSK3B,Generic signaling,Other Mendelian,0.334,0.95571,0.002297,54.0,35.7504,14.81065,True,True,True,True,True,True,True,True,True,True,True,True,True,True,True,True,True,True,True,True,True,True,True,True,True,True,True,True,True,True,True,True,True,True,True,True,True,True,True,True,True,True,True,True,True,True,True,True,True,True,True,True,True,True
MAP3K5,Generic signaling,Not classified,0.34,0.51964,0.010876,54.0,137.493,17.52765,True,True,True,True,True,True,True,True,True,True,True,True,True,True,True,True,True,True,True,True,True,True,True,True,True,True,True,True,True,True,True,True,True,True,True,True,True,True,True,True,True,True,True,True,True,True,True,True,True,True,True,True,True,True
ELK1,Generic signaling,Not classified,0.341,0.93711,0.005185,54.0,80.1056,20.15495,True,True,True,True,True,True,True,True,True,True,True,True,True,True,True,True,True,True,True,True,True,True,True,True,True,True,True,True,True,True,True,True,True,True,True,True,True,True,True,True,True,True,True,True,True,True,True,True,True,True,True,True,True,True
EGFR,Generic signaling,Syndromic/developmental,0.349,0.36837,0.031066,52.0,78.3374,14.84585,True,True,True,True,True,True,True,True,True,True,True,True,True,True,True,True,True,True,True,True,True,True,False,True,True,True,True,True,True,True,True,True,True,True,True,True,True,True,True,True,True,True,True,True,True,True,True,True,True,True,True,True,True,False
RAF1,Generic signaling,Other Mendelian,0.354,0.85295,0.029684,54.0,152.168,87.14685,True,True,True,True,True,True,True,True,True,True,True,True,True,True,True,True,True,True,True,True,True,True,True,True,True,True,True,True,True,True,True,True,True,True,True,True,True,True,True,True,True,True,True,True,True,True,True,True,True,True,True,True,True,True
MAP2K6,Generic signaling,Not classified,0.359,0.91334,0.011405,40.0,19.0788,1.509395,True,True,False,False,True,True,True,False,False,False,True,True,True,True,False,True,False,False,True,True,True,False,True,True,True,True,True,False,True,False,True,False,False,True,True,False,True,True,True,True,True,True,True,True,True,True,True,True,True,True,True,True,True,True
MAP2K1,Generic signaling,Other Mendelian,0.377,0.89669,0.012941,54.0,99.1303,33.9975,True,True,True,True,True,True,True,True,True,True,True,True,True,True,True,True,True,True,True,True,True,True,True,True,True,True,True,True,True,True,True,True,True,True,True,True,True,True,True,True,True,True,True,True,True,True,True,True,True,True,True,True,True,True
PRKCH,Generic signaling,Not classified,0.388,0.42878,0.017467,54.0,30.8358,5.449595,True,True,True,True,True,True,True,True,True,True,True,True,True,True,True,True,True,True,True,True,True,True,True,True,True,True,True,True,True,True,True,True,True,True,True,True,True,True,True,True,True,True,True,True,True,True,True,True,True,True,True,True,True,True
PRKCZ,Generic signaling,Not classified,0.4,0.541,0.04694,44.0,98.4937,5.146075,False,False,True,False,False,False,True,True,True,True,True,True,True,True,True,True,True,True,True,True,True,False,False,True,True,True,True,True,True,False,True,True,True,True,True,True,True,True,False,False,True,True,True,True,True,True,True,True,True,True,True,True,True,True
RAC1,Generic signaling,Not classified,0.467,0.76228,0.048575,54.0,372.568,204.103,True,True,True,True,True,True,True,True,True,True,True,True,True,True,True,True,True,True,True,True,True,True,True,True,True,True,True,True,True,True,True,True,True,True,True,True,True,True,True,True,True,True,True,True,True,True,True,True,True,True,True,True,True,True
MAPK14,Generic signaling,Not classified,0.473,0.37466,0.023347,54.0,72.3676,27.40425,True,True,True,True,True,True,True,True,True,True,True,True,True,True,True,True,True,True,True,True,True,True,True,True,True,True,True,True,True,True,True,True,True,True,True,True,True,True,True,True,True,True,True,True,True,True,True,True,True,True,True,True,True,True
CDC42,Generic signaling,Not classified,0.501,0.78728,0.025653,54.0,227.04,101.3925,True,True,True,True,True,True,True,True,True,True,True,True,True,True,True,True,True,True,True,True,True,True,True,True,True,True,True,True,True,True,True,True,True,True,True,True,True,True,True,True,True,True,True,True,True,True,True,True,True,True,True,True,True,True
RPS6KA1,Generic signaling,Not classified,0.515,0.001906,0.009025,53.0,180.978,9.792355,True,True,True,True,True,True,True,True,True,True,True,True,True,True,True,True,True,True,True,True,True,True,True,True,True,True,True,True,True,True,True,True,True,True,True,True,True,True,False,True,True,True,True,True,True,True,True,True,True,True,True,True,True,True
RAP1A,Generic signaling,Not classified,0.537,0.62227,0.024072,54.0,121.123,28.56365,True,True,True,True,True,True,True,True,True,True,True,True,True,True,True,True,True,True,True,True,True,True,True,True,True,True,True,True,True,True,True,True,True,True,True,True,True,True,True,True,True,True,True,True,True,True,True,True,True,True,True,True,True,True
PAK1,Generic signaling,Not classified,0.563,0.001331,0.004659,54.0,161.854,28.0499,True,True,True,True,True,True,True,True,True,True,True,True,True,True,True,True,True,True,True,True,True,True,True,True,True,True,True,True,True,True,True,True,True,True,True,True,True,True,True,True,True,True,True,True,True,True,True,True,True,True,True,True,True,True
USF1,Generic signaling,Not classified,0.585,0.023545,0.006395,54.0,170.512,56.2528,True,True,True,True,True,True,True,True,True,True,True,True,True,True,True,True,True,True,True,True,True,True,True,True,True,True,True,True,True,True,True,True,True,True,True,True,True,True,True,True,True,True,True,True,True,True,True,True,True,True,True,True,True,True
MAPK3,Generic signaling,Not classified,0.614,0.036884,0.029841,54.0,123.148,68.5799,True,True,True,True,True,True,True,True,True,True,True,True,True,True,True,True,True,True,True,True,True,True,True,True,True,True,True,True,True,True,True,True,True,True,True,True,True,True,True,True,True,True,True,True,True,True,True,True,True,True,True,True,True,True
FZD3,Generic signaling,Not classified,0.62,0.000436,0.001368,44.0,10.4077,2.8345700000000003,False,False,True,True,True,True,True,True,True,True,True,True,True,True,True,True,True,True,True,True,True,False,True,True,True,True,True,True,True,True,True,False,False,False,True,False,True,True,False,True,True,True,True,True,True,True,True,False,True,True,True,True,True,False
FOS,Generic signaling,Not classified,0.645,0.26176,0.036119,54.0,1112.22,124.9305,True,True,True,True,True,True,True,True,True,True,True,True,True,True,True,True,True,True,True,True,True,True,True,True,True,True,True,True,True,True,True,True,True,True,True,True,True,True,True,True,True,True,True,True,True,True,True,True,True,True,True,True,True,True
MAP2K3,Generic signaling,Not classified,0.663,0.022009,0.011405,54.0,171.079,30.86735,True,True,True,True,True,True,True,True,True,True,True,True,True,True,True,True,True,True,True,True,True,True,True,True,True,True,True,True,True,True,True,True,True,True,True,True,True,True,True,True,True,True,True,True,True,True,True,True,True,True,True,True,True,True
RHOA,Generic signaling,Not classified,0.664,0.60405,0.001642,54.0,994.224,375.891,True,True,True,True,True,True,True,True,True,True,True,True,True,True,True,True,True,True,True,True,True,True,True,True,True,True,True,True,True,True,True,True,True,True,True,True,True,True,True,True,True,True,True,True,True,True,True,True,True,True,True,True,True,True
MAP4K2,Generic signaling,Not classified,0.689,0.0,0.000284,54.0,43.516,8.653815,True,True,True,True,True,True,True,True,True,True,True,True,True,True,True,True,True,True,True,True,True,True,True,True,True,True,True,True,True,True,True,True,True,True,True,True,True,True,True,True,True,True,True,True,True,True,True,True,True,True,True,True,True,True
HRAS,Generic signaling,Other Mendelian,0.926,0.079774,0.030908,54.0,107.711,43.74565,True,True,True,True,True,True,True,True,True,True,True,True,True,True,True,True,True,True,True,True,True,True,True,True,True,True,True,True,True,True,True,True,True,True,True,True,True,True,True,True,True,True,True,True,True,True,True,True,True,True,True,True,True,True
JUN,Generic signaling,Not classified,1.02,0.05962,0.04388,54.0,528.967,118.131,True,True,True,True,True,True,True,True,True,True,True,True,True,True,True,True,True,True,True,True,True,True,True,True,True,True,True,True,True,True,True,True,True,True,True,True,True,True,True,True,True,True,True,True,True,True,True,True,True,True,True,True,True,True
TNFRSF1A,Cytokines/growth factors,Not classified,0.236,0.9949,0.079,54.0,161.99,89.53985,True,True,True,True,True,True,True,True,True,True,True,True,True,True,True,True,True,True,True,True,True,True,True,True,True,True,True,True,True,True,True,True,True,True,True,True,True,True,True,True,True,True,True,True,True,True,True,True,True,True,True,True,True,True
HGF,Cytokines/growth factors,Syndromic/developmental,0.25,0.99947,0.0,36.0,16.0997,1.627255,True,True,True,True,True,True,True,False,True,False,False,False,True,True,False,False,False,False,False,False,True,True,False,True,True,True,True,True,False,True,True,True,False,True,True,True,True,True,False,True,False,False,True,True,False,False,True,True,True,True,True,True,True,True
MET,Cytokines/growth factors,Syndromic/developmental,0.305,0.96998,0.018428,41.0,21.256,4.8491,True,True,False,True,True,True,True,False,False,False,False,False,True,True,True,False,False,False,True,False,True,True,False,True,True,True,True,True,True,True,True,True,True,True,True,True,True,True,True,True,True,True,True,True,True,True,True,True,True,False,True,True,True,False
TNF,Cytokines/growth factors,Not classified,0.487,0.8033,0.077171,8.0,133.014,0.253657,False,True,False,False,False,False,False,False,False,False,False,False,False,False,False,False,False,False,False,False,False,False,True,False,False,False,False,False,False,False,False,False,False,False,False,False,True,False,False,False,False,False,False,False,True,True,True,True,False,False,False,False,False,True
CSF2,Cytokines/growth factors,Not classified,0.505,0.83468,0.012213,1.0,1.15807,0.0,False,False,False,False,False,False,False,False,False,False,False,False,False,False,False,False,False,False,False,False,False,False,False,False,False,False,False,False,False,False,False,False,False,False,False,False,True,False,False,False,False,False,False,False,False,False,False,False,False,False,False,False,False,False
IL1R1,Cytokines/growth factors,Not classified,0.506,0.15126,0.011306,54.0,188.511,31.099400000000003,True,True,True,True,True,True,True,True,True,True,True,True,True,True,True,True,True,True,True,True,True,True,True,True,True,True,True,True,True,True,True,True,True,True,True,True,True,True,True,True,True,True,True,True,True,True,True,True,True,True,True,True,True,True
NGF,Cytokines/growth factors,Syndromic/developmental,0.528,0.82026,0.006879,43.0,33.4683,2.912185,True,True,True,True,True,True,True,True,True,True,False,False,True,True,True,False,False,False,False,False,True,True,False,True,True,True,True,True,True,True,True,True,True,True,True,True,True,True,False,True,True,False,True,True,True,True,True,True,True,True,True,True,True,False
NTRK1,Cytokines/growth factors,Syndromic/developmental,0.658,2e-06,0.006605,20.0,5.67394,0.6308929999999999,False,True,False,False,False,False,False,False,False,True,False,False,False,False,False,False,True,True,False,False,False,False,False,True,True,True,False,True,False,True,True,True,True,True,True,False,True,False,False,False,False,False,True,True,False,False,False,False,False,True,False,True,True,False
IL6,Cytokines/growth factors,Not classified,0.753,0.31536,0.006022,34.0,54.435,1.45554,True,True,True,True,True,True,True,False,False,False,False,False,False,False,False,False,False,False,True,False,True,True,False,False,True,True,True,True,True,True,True,True,True,True,True,False,True,True,False,True,False,False,True,True,True,True,True,True,True,False,True,True,True,False
IL6R,Cytokines/growth factors,Not classified,0.813,3.2e-05,0.007851,54.0,67.242,10.070495,True,True,True,True,True,True,True,True,True,True,True,True,True,True,True,True,True,True,True,True,True,True,True,True,True,True,True,True,True,True,True,True,True,True,True,True,True,True,True,True,True,True,True,True,True,True,True,True,True,True,True,True,True,True
IL12A,Cytokines/growth factors,Not classified,0.815,0.04746,0.001582,23.0,7.35502,0.8184945,False,False,False,False,False,False,False,True,True,True,False,False,True,True,True,True,True,True,True,True,False,True,True,False,False,True,True,False,True,False,True,False,False,False,False,False,True,False,False,False,False,False,True,False,False,False,True,True,False,True,False,False,True,False
IL10,Cytokines/growth factors,Not classified,1.039,0.005887,0.000821,12.0,8.84863,0.274526,True,True,True,True,True,False,False,False,False,False,False,False,False,False,False,False,False,False,False,False,False,False,True,False,False,False,False,False,False,False,True,False,False,False,False,False,True,False,False,False,False,False,False,False,False,False,True,True,False,True,False,False,False,True
IL1A,Cytokines/growth factors,Not classified,1.309,0.00016,0.009477,5.0,18.273,0.0817587499999999,False,False,False,False,False,False,False,False,False,False,False,False,False,False,False,False,False,False,False,False,False,False,True,False,False,False,False,False,True,False,False,False,False,False,False,False,True,False,False,False,False,False,False,False,True,False,False,False,False,True,False,False,False,False
IL8,Cytokines/growth factors,Not classified,1.861,0.000274,0.000821,,,,True,True,True,True,True,True,False,False,False,False,False,False,False,False,False,False,False,False,True,True,True,True,True,False,False,True,False,False,False,False,True,True,False,True,True,True,True,True,False,True,True,True,True,True,False,False,True,True,True,False,True,False,True,True
CFLAR,Apoptosis/cell death,Other Mendelian,0.173,0.99967,0.000446,54.0,68.0345,26.4796,True,True,True,True,True,True,True,True,True,True,True,True,True,True,True,True,True,True,True,True,True,True,True,True,True,True,True,True,True,True,True,True,True,True,True,True,True,True,True,True,True,True,True,True,True,True,True,True,True,True,True,True,True,True
MCL1,Apoptosis/cell death,Not classified,0.29,0.96349,0.0,54.0,474.739,181.2355,True,True,True,True,True,True,True,True,True,True,True,True,True,True,True,True,True,True,True,True,True,True,True,True,True,True,True,True,True,True,True,True,True,True,True,True,True,True,True,True,True,True,True,True,True,True,True,True,True,True,True,True,True,True
BCL2L1,Apoptosis/cell death,Not classified,0.341,0.93667,0.001714,54.0,185.28,82.8615,True,True,True,True,True,True,True,True,True,True,True,True,True,True,True,True,True,True,True,True,True,True,True,True,True,True,True,True,True,True,True,True,True,True,True,True,True,True,True,True,True,True,True,True,True,True,True,True,True,True,True,True,True,True
FAS,Apoptosis/cell death,Other Mendelian,0.441,0.8117,0.005041,52.0,75.4398,10.9865,True,True,True,True,True,True,True,True,True,True,False,False,True,True,True,True,True,True,True,True,True,True,True,True,True,True,True,True,True,True,True,True,True,True,True,True,True,True,True,True,True,True,True,True,True,True,True,True,True,True,True,True,True,True
TP53,Apoptosis/cell death,Other Mendelian,0.469,0.53235,0.025518,54.0,72.9493,14.6837,True,True,True,True,True,True,True,True,True,True,True,True,True,True,True,True,True,True,True,True,True,True,True,True,True,True,True,True,True,True,True,True,True,True,True,True,True,True,True,True,True,True,True,True,True,True,True,True,True,True,True,True,True,True
CASP3,Apoptosis/cell death,Other Mendelian,0.686,0.10017,0.058861,54.0,73.5942,15.6612,True,True,True,True,True,True,True,True,True,True,True,True,True,True,True,True,True,True,True,True,True,True,True,True,True,True,True,True,True,True,True,True,True,True,True,True,True,True,True,True,True,True,True,True,True,True,True,True,True,True,True,True,True,True
BCL2,Apoptosis/cell death,Other Mendelian,0.712,0.55903,0.002648,51.0,49.6889,4.623810000000001,True,True,False,True,True,True,True,True,True,True,True,True,True,True,True,True,True,True,True,True,True,True,True,True,True,True,True,True,True,True,True,True,True,True,True,False,True,True,True,True,True,False,True,True,True,True,True,True,True,True,True,True,True,True
FASLG,Apoptosis/cell death,Not classified,0.716,0.18345,0.003212,3.0,5.80301,0.1188024999999999,False,False,False,False,False,False,False,False,False,False,False,False,False,False,False,False,False,False,False,False,False,False,False,False,False,False,False,False,False,False,False,False,False,False,False,False,True,False,False,False,False,False,False,False,False,False,False,True,False,False,False,False,False,True
BAX,Apoptosis/cell death,Not classified,0.751,0.31746,0.006247,54.0,212.862,36.0124,True,True,True,True,True,True,True,True,True,True,True,True,True,True,True,True,True,True,True,True,True,True,True,True,True,True,True,True,True,True,True,True,True,True,True,True,True,True,True,True,True,True,True,True,True,True,True,True,True,True,True,True,True,True
CASP8,Apoptosis/cell death,Other Mendelian,0.811,4e-06,0.019349,40.0,26.7348,4.322735,True,True,True,True,True,True,True,False,False,False,False,False,False,False,False,False,False,False,True,False,True,True,True,True,True,True,True,True,True,True,True,True,False,True,True,True,True,True,False,True,True,True,True,True,True,True,True,True,True,True,True,True,True,True
CASP9,Apoptosis/cell death,Not classified,0.974,7e-06,0.014932,54.0,56.4885,8.279085,True,True,True,True,True,True,True,True,True,True,True,True,True,True,True,True,True,True,True,True,True,True,True,True,True,True,True,True,True,True,True,True,True,True,True,True,True,True,True,True,True,True,True,True,True,True,True,True,True,True,True,True,True,True
DFFB,Apoptosis/cell death,Not classified,1.08,1.1e-05,0.004969,54.0,22.1073,5.53007,True,True,True,True,True,True,True,True,True,True,True,True,True,True,True,True,True,True,True,True,True,True,True,True,True,True,True,True,True,True,True,True,True,True,True,True,True,True,True,True,True,True,True,True,True,True,True,True,True,True,True,True,True,True
DFFA,Apoptosis/cell death,Not classified,1.161,8.7e-05,0.0,54.0,27.7305,12.9309,True,True,True,True,True,True,True,True,True,True,True,True,True,True,True,True,True,True,True,True,True,True,True,True,True,True,True,True,True,True,True,True,True,True,True,True,True,True,True,True,True,True,True,True,True,True,True,True,True,True,True,True,True,True
BAK1,Apoptosis/cell death,Not classified,1.369,7e-06,0.013534,54.0,56.6773,14.01105,True,True,True,True,True,True,True,True,True,True,True,True,True,True,True,True,True,True,True,True,True,True,True,True,True,True,True,True,True,True,True,True,True,True,True,True,True,True,True,True,True,True,True,True,True,True,True,True,True,True,True,True,True,True
BAD,Apoptosis/cell death,Not classified,1.533,0.004624,0.007595,54.0,70.8418,47.9799,True,True,True,True,True,True,True,True,True,True,True,True,True,True,True,True,True,True,True,True,True,True,True,True,True,True,True,True,True,True,True,True,True,True,True,True,True,True,True,True,True,True,True,True,True,True,True,True,True,True,True,True,True,True
BBC3,Apoptosis/cell death,Not classified,1.589,0.003976,0.000238,54.0,18.8635,6.668480000000001,True,True,True,True,True,True,True,True,True,True,True,True,True,True,True,True,True,True,True,True,True,True,True,True,True,True,True,True,True,True,True,True,True,True,True,True,True,True,True,True,True,True,True,True,True,True,True,True,True,True,True,True,True,True
PMAIP1,Apoptosis/cell death,Not classified,1.848,0.11182,0.003967,37.0,188.434,1.551155,True,True,False,False,False,False,True,True,True,True,False,False,True,True,True,True,True,True,True,True,True,True,True,True,True,True,True,False,True,False,True,False,False,False,True,False,True,True,False,False,False,False,True,True,True,True,True,True,True,True,False,True,True,True
BID,Apoptosis/cell death,Not classified,1.917,0.0,0.003171,54.0,74.762,13.7229,True,True,True,True,True,True,True,True,True,True,True,True,True,True,True,True,True,True,True,True,True,True,True,True,True,True,True,True,True,True,True,True,True,True,True,True,True,True,True,True,True,True,True,True,True,True,True,True,True,True,True,True,True,True
MSN,Other,Not classified,0.13,0.99967,0.003457,54.0,365.937,93.5317,True,True,True,True,True,True,True,True,True,True,True,True,True,True,True,True,True,True,True,True,True,True,True,True,True,True,True,True,True,True,True,True,True,True,True,True,True,True,True,True,True,True,True,True,True,True,True,True,True,True,True,True,True,True
PPP3CA,Other,Other Mendelian,0.158,0.99988,0.001635,54.0,183.152,22.0106,True,True,True,True,True,True,True,True,True,True,True,True,True,True,True,True,True,True,True,True,True,True,True,True,True,True,True,True,True,True,True,True,True,True,True,True,True,True,True,True,True,True,True,True,True,True,True,True,True,True,True,True,True,True
PTGS2,Other,Not classified,0.263,0.99597,0.036779,43.0,21.8843,1.727645,True,True,True,True,True,True,True,False,True,False,False,False,True,True,True,True,False,False,True,True,True,True,False,True,True,True,True,True,True,True,True,True,False,True,True,True,True,True,False,True,True,False,True,True,True,True,True,True,True,False,True,True,True,True
CDH2,Other,Not classified,0.29,0.99171,0.0,41.0,67.453,6.6237200000000005,False,False,True,True,True,True,False,True,True,True,True,True,True,True,True,True,True,True,True,True,False,True,False,True,True,True,True,True,False,True,True,True,True,True,True,True,False,False,False,True,True,False,True,True,False,False,True,True,True,True,True,True,True,False
PTGER4,Other,Not classified,0.3,0.9755,0.013502,40.0,24.3929,5.3776150000000005,True,True,True,True,True,True,True,False,False,False,False,False,False,False,False,False,False,False,True,False,True,True,True,True,True,True,True,True,True,True,True,True,True,True,True,False,True,True,True,True,False,True,True,True,True,True,True,True,True,True,True,True,True,True
PIAS3,Other,Not classified,0.301,0.98499,0.0,54.0,104.672,37.98775,True,True,True,True,True,True,True,True,True,True,True,True,True,True,True,True,True,True,True,True,True,True,True,True,True,True,True,True,True,True,True,True,True,True,True,True,True,True,True,True,True,True,True,True,True,True,True,True,True,True,True,True,True,True
RDX,Other,Not classified,0.348,0.85245,0.000864,54.0,182.218,25.14315,True,True,True,True,True,True,True,True,True,True,True,True,True,True,True,True,True,True,True,True,True,True,True,True,True,True,True,True,True,True,True,True,True,True,True,True,True,True,True,True,True,True,True,True,True,True,True,True,True,True,True,True,True,True
SPTLC2,Other,Other Mendelian,0.39,0.78035,0.009789,54.0,49.8686,13.103000000000002,True,True,True,True,True,True,True,True,True,True,True,True,True,True,True,True,True,True,True,True,True,True,True,True,True,True,True,True,True,True,True,True,True,True,True,True,True,True,True,True,True,True,True,True,True,True,True,True,True,True,True,True,True,True
CCND1,Other,Not classified,0.41,0.89057,0.00252,53.0,202.003,22.40565,True,True,True,True,True,True,True,True,True,True,True,True,True,True,True,True,True,True,True,True,True,True,True,True,True,True,True,True,True,True,True,True,True,True,True,True,True,True,True,True,True,True,True,True,True,True,True,True,True,True,True,True,True,False
GUCY1A2,Other,Not classified,0.434,0.31409,0.012109,39.0,16.0488,1.581515,True,True,True,True,True,True,True,True,True,True,True,True,True,True,True,True,True,True,True,True,True,False,False,True,True,True,False,True,False,True,True,False,True,False,False,False,True,False,True,True,True,True,False,True,False,False,False,True,False,True,True,True,True,False
GAB1,Other,Not classified,0.439,0.18433,0.035806,54.0,41.299,8.220265000000001,True,True,True,True,True,True,True,True,True,True,True,True,True,True,True,True,True,True,True,True,True,True,True,True,True,True,True,True,True,True,True,True,True,True,True,True,True,True,True,True,True,True,True,True,True,True,True,True,True,True,True,True,True,True
EZR,Other,Not classified,0.44,0.17989,0.000864,54.0,351.107,80.3966,True,True,True,True,True,True,True,True,True,True,True,True,True,True,True,True,True,True,True,True,True,True,True,True,True,True,True,True,True,True,True,True,True,True,True,True,True,True,True,True,True,True,True,True,True,True,True,True,True,True,True,True,True,True
RYR1,Other,Syndromic/developmental,0.456,0.0,0.016821,22.0,423.538,0.861658,False,False,False,False,False,False,False,True,True,True,True,True,True,True,True,True,True,True,True,True,True,False,False,False,False,False,False,False,True,False,False,False,False,False,False,False,False,True,True,True,False,False,False,False,True,True,False,False,False,True,False,False,True,False
CDK2,Other,Not classified,0.485,0.61054,0.0,54.0,64.4682,16.6147,True,True,True,True,True,True,True,True,True,True,True,True,True,True,True,True,True,True,True,True,True,True,True,True,True,True,True,True,True,True,True,True,True,True,True,True,True,True,True,True,True,True,True,True,True,True,True,True,True,True,True,True,True,True
PTGER3,Other,Not classified,0.579,0.37217,0.015133,28.0,73.0253,1.261975,True,True,True,True,True,True,True,True,False,False,False,False,False,False,False,True,False,False,False,False,True,False,False,True,True,True,True,True,False,True,True,False,False,True,True,False,False,True,False,False,False,True,False,True,True,True,True,False,True,False,False,True,True,False
ICAM1,Other,Not classified,0.618,0.035295,0.0,53.0,217.444,14.7022,True,True,True,True,True,True,True,True,True,True,False,True,True,True,True,True,True,True,True,True,True,True,True,True,True,True,True,True,True,True,True,True,True,True,True,True,True,True,True,True,True,True,True,True,True,True,True,True,True,True,True,True,True,True
CDK4,Other,Not classified,0.642,0.062909,0.002808,54.0,154.326,46.039,True,True,True,True,True,True,True,True,True,True,True,True,True,True,True,True,True,True,True,True,True,True,True,True,True,True,True,True,True,True,True,True,True,True,True,True,True,True,True,True,True,True,True,True,True,True,True,True,True,True,True,True,True,True
NOS2,Other,Not classified,0.755,0.0,0.012598,12.0,4.64759,0.5601240000000001,False,False,False,False,False,False,False,False,True,False,True,True,True,True,False,False,False,False,False,False,False,False,False,False,False,False,True,False,False,False,False,False,False,False,True,False,True,False,False,True,True,False,True,False,False,False,True,False,False,False,False,False,False,False
ADCY4,Other,Not classified,0.892,0.0,0.049397,53.0,81.2412,13.6515,True,True,True,True,True,True,True,True,True,True,True,True,True,True,True,True,True,True,True,True,True,True,False,True,True,True,True,True,True,True,True,True,True,True,True,True,True,True,True,True,True,True,True,True,True,True,True,True,True,True,True,True,True,True
F7,Other,Not classified,0.902,1.3e-05,0.0,8.0,83.6402,0.2627035,False,False,False,False,False,False,False,False,False,False,True,True,True,True,False,False,False,False,False,False,False,False,False,True,True,False,False,False,False,False,False,False,False,False,False,True,False,False,False,False,False,False,False,False,False,False,False,False,False,True,False,False,False,False
CYCS,Other,Not classified,0.914,0.63647,0.042746,54.0,131.937,41.40375,True,True,True,True,True,True,True,True,True,True,True,True,True,True,True,True,True,True,True,True,True,True,True,True,True,True,True,True,True,True,True,True,True,True,True,True,True,True,True,True,True,True,True,True,True,True,True,True,True,True,True,True,True,True
DUSP1,Other,Not classified,0.917,0.010151,0.054703,54.0,1984.27,416.499,True,True,True,True,True,True,True,True,True,True,True,True,True,True,True,True,True,True,True,True,True,True,True,True,True,True,True,True,True,True,True,True,True,True,True,True,True,True,True,True,True,True,True,True,True,True,True,True,True,True,True,True,True,True
F10,Other,Not classified,0.97,2e-06,0.0,45.0,75.531,6.5552,True,True,True,True,True,True,True,False,False,True,True,True,False,False,False,True,False,True,False,True,True,True,False,True,True,True,True,True,True,True,True,True,True,True,True,True,True,True,True,True,True,True,True,True,True,True,True,True,True,True,True,True,True,False
SPTLC1,Other,Other Mendelian,0.978,0.0,0.009789,54.0,55.6405,19.4993,True,True,True,True,True,True,True,True,True,True,True,True,True,True,True,True,True,True,True,True,True,True,True,True,True,True,True,True,True,True,True,True,True,True,True,True,True,True,True,True,True,True,True,True,True,True,True,True,True,True,True,True,True,True
PTGER2,Other,Not classified,0.982,0.00749,0.013502,35.0,54.8665,2.17047,True,True,True,True,True,True,True,False,False,False,False,False,False,False,False,False,False,False,False,False,True,True,False,True,True,True,True,True,True,True,True,False,False,True,True,False,True,True,False,True,True,False,True,True,True,True,True,True,True,True,True,True,True,True
NOX1,Other,Not classified,1.064,0.0,0.023568,4.0,26.5133,0.3318355,False,False,False,False,False,False,False,False,False,False,True,False,False,False,False,False,False,False,False,False,False,False,False,False,False,False,True,False,False,False,False,False,False,False,False,False,False,False,False,False,False,False,False,False,False,True,True,False,False,False,False,False,False,False
SMPD1,Other,Not classified,1.085,0.0,0.016409,54.0,79.4135,36.39075,True,True,True,True,True,True,True,True,True,True,True,True,True,True,True,True,True,True,True,True,True,True,True,True,True,True,True,True,True,True,True,True,True,True,True,True,True,True,True,True,True,True,True,True,True,True,True,True,True,True,True,True,True,True
CSF2RA,Other,Not classified,1.119,0.0,0.010672,39.0,47.509,1.49715,True,True,True,True,True,True,True,True,False,True,False,False,False,False,True,True,True,True,True,True,True,False,False,True,True,True,True,True,True,True,True,False,False,True,True,False,True,True,False,True,False,False,True,True,True,True,True,True,False,False,True,True,True,True
GADD45A,Other,Not classified,1.131,0.044075,6e-05,54.0,284.633,33.7057,True,True,True,True,True,True,True,True,True,True,True,True,True,True,True,True,True,True,True,True,True,True,True,True,True,True,True,True,True,True,True,True,True,True,True,True,True,True,True,True,True,True,True,True,True,True,True,True,True,True,True,True,True,True
F2RL1,Other,Not classified,1.327,0.000148,0.024043,28.0,61.6712,1.152045,False,False,True,True,True,True,True,False,False,True,False,False,False,False,False,False,True,False,False,False,True,False,False,False,False,False,True,False,True,False,False,True,True,True,True,True,True,True,False,False,False,True,True,True,True,True,True,True,True,False,True,False,True,True
CDKN1A,Other,Not classified,1.375,0.001857,0.002607,54.0,417.829,92.4123,True,True,True,True,True,True,True,True,True,True,True,True,True,True,True,True,True,True,True,True,True,True,True,True,True,True,True,True,True,True,True,True,True,True,True,True,True,True,True,True,True,True,True,True,True,True,True,True,True,True,True,True,True,True
MMP1,Other,Not classified,1.525,0.0,0.000122,6.0,51.8537,0.05628425,False,False,False,False,False,False,False,False,False,False,False,False,False,False,False,False,False,False,False,False,False,True,False,False,False,False,False,False,False,False,False,False,False,False,True,False,True,False,False,False,False,False,False,False,False,False,True,True,True,False,False,False,False,False
SMPD2,Other,Not classified,1.583,0.0,0.011324,54.0,149.658,12.36355,True,True,True,True,True,True,True,True,True,True,True,True,True,True,True,True,True,True,True,True,True,True,True,True,True,True,True,True,True,True,True,True,True,True,True,True,True,True,True,True,True,True,True,True,True,True,True,True,True,True,True,True,True,True
PTGER1,Other,Not classified,1.584,0.000973,0.015133,15.0,37.0692,0.6076980000000001,False,True,True,False,True,False,True,False,False,False,False,False,False,False,False,False,False,False,False,False,False,False,False,False,False,False,False,True,False,True,True,False,False,True,True,False,True,False,False,True,False,False,True,False,False,False,True,True,True,False,False,False,False,False
TPSAB1,Other,Not classified,1.95,0.0,0.0,36.0,92.6011,3.47465,True,True,False,True,True,True,True,False,False,False,False,False,False,False,False,False,False,False,False,False,True,False,False,True,True,True,True,True,True,True,True,True,True,True,True,True,True,True,True,True,False,True,True,True,True,True,True,True,True,True,True,True,True,False
