gene,trait,snp_id,risk_allele,pvalue
CKDN2B,skin color,rs2383207,rs2383207-G,2e-08
CDKN2A,skin color,rs2383207,rs2383207-G,2e-08
DAB2IP,skin color,rs7025486,rs7025486-A,5e-10
CELSR2,skin color,rs602633,rs602633-T,7.000000000000001e-09
PSRC1,skin color,rs602633,rs602633-T,7.000000000000001e-09
SORT1,skin color,rs602633,rs602633-T,7.000000000000001e-09
IL6R,skin color,rs12133641,rs12133641-A,5e-13
CDKN2B-AS1,skin color,rs10757274,rs10757274-A,2e-33
ANRIL,skin color,rs10757274,rs10757274-A,2e-33
DAB2IP,skin color,rs10985349,rs10985349-T,2e-11
LDLR,skin color,rs6511720,rs6511720-T,8e-14
LRP1,skin color,rs1385526,rs1385526-C,6e-07
SMYD2,skin color,rs1795061,rs1795061-T,9e-11
LINC00540,skin color,rs9316871,rs9316871-G,5e-10
ZNF335,skin color,rs58749629,rs58749629-A,2e-17
PCIF1,skin color,rs58749629,rs58749629-A,2e-17
MMP9,skin color,rs58749629,rs58749629-A,2e-17
ERG,skin color,rs2836411,rs2836411-T,6.000000000000001e-09
FERMT1,skin color,rs6516091,rs6516091-A,3e-06
C2ORF43,skin color,rs13382862,rs13382862-A,1e-06
GDF7,skin color,rs13382862,rs13382862-A,1e-06
LDLR,skin color,rs6511720,rs6511720-?,2e-10
RBBP8,skin color,rs8087799,rs8087799-A,2e-09
CDKN2B,skin color,rs7866503,rs7866503-T,2e-13
CDKN2BAS,skin color,rs7866503,rs7866503-T,2e-13
CDKN2A,skin color,rs7866503,rs7866503-T,2e-13
FBN1,skin color,rs595244,rs595244-T,1e-08
ANKRD44,skin color,rs919433,rs919433-A,5e-08
LRP1,skin color,rs1466535,rs1466535-C,5e-10
AC012065.7,skin color,rs7255,rs7255-T,9e-13
MEPE,skin color,rs10023907,rs10023907-T,2e-08
CDKN1A,skin color,rs3176336,rs3176336-T,1e-10
RP11-136O12.2,skin color,rs10808546,rs10808546-C,1e-10
TRIB1,skin color,rs10808546,rs10808546-C,1e-10
LIPA,skin color,rs1412445,rs1412445-T,1e-10
ZNF259,skin color,rs964184,rs964184-G,5e-19
APOA5,skin color,rs964184,rs964184-G,5e-19
ADAMTS8,skin color,rs4936098,rs4936098-G,6.999999999999999e-16
CRISPLD2,skin color,rs35254673,rs35254673-G,3.0000000000000004e-08
CTAGE1,skin color,rs4401144,rs4401144-T,4e-14
APOE,skin color,rs429358,rs429358-C,1e-15
PCSK9,skin color,rs11591147,rs11591147-G,6e-11
LPA,skin color,rs118039278,rs118039278-A,4e-18
CHRNA3,skin color,rs55958997,rs55958997-A,9e-14
ABHD16B,skin color,rs73149487,rs73149487-G,8e-09
PSMD14,tanning ability,rs13432654,rs13432654-?,8e-06
TBR1,tanning ability,rs13432654,rs13432654-?,8e-06
SLC4A10,tanning ability,rs13432654,rs13432654-?,8e-06
NTNG1,tanning ability,rs10881475,rs10881475-?,2e-06
VAV3,tanning ability,rs10881475,rs10881475-?,2e-06
NEB,tanning ability,rs12464559,rs12464559-?,4e-06
ARL5A,tanning ability,rs12464559,rs12464559-?,4e-06
CACNB4,tanning ability,rs12464559,rs12464559-?,4e-06
WHSC1L1,tanning ability,rs881301,rs881301-?,4e-06
LETM2,tanning ability,rs881301,rs881301-?,4e-06
FGFR1,tanning ability,rs881301,rs881301-?,4e-06
C8ORF86,tanning ability,rs881301,rs881301-?,4e-06
GAP43,tanning ability,rs16823934,rs16823934-?,6e-06
ERG,tanning ability,rs460214,rs460214-?,6e-06
SNX7,tanning ability,rs11581859,rs11581859-?,9e-06
LPPR5,tanning ability,rs11581859,rs11581859-?,9e-06
FBLN2,tanning ability,rs9875578,rs9875578-?,1e-06
WNT7A,tanning ability,rs9875578,rs9875578-?,1e-06
SMAD1,tanning ability,rs6813264,rs6813264-?,4.9999999999999996e-06
MMAA,tanning ability,rs6813264,rs6813264-?,4.9999999999999996e-06
C4ORF51,tanning ability,rs6813264,rs6813264-?,4.9999999999999996e-06
ZNF827,tanning ability,rs6813264,rs6813264-?,4.9999999999999996e-06
ETNK2,tanning ability,rs4951043,rs4951043-C,7e-07
GOLT1A,tanning ability,rs4951043,rs4951043-C,7e-07
KISS1,tanning ability,rs4951043,rs4951043-C,7e-07
LINC00303,tanning ability,rs4951043,rs4951043-C,7e-07
PLEKHA6,tanning ability,rs4951043,rs4951043-C,7e-07
REN,tanning ability,rs4951043,rs4951043-C,7e-07
SNRPE,tanning ability,rs4951043,rs4951043-C,7e-07
SOX13,tanning ability,rs4951043,rs4951043-C,7e-07
FLJ37505,tanning ability,rs11059336,rs11059336-C,8e-07
LINC00507,tanning ability,rs11059336,rs11059336-C,8e-07
LOC101927637,tanning ability,rs11059336,rs11059336-C,8e-07
ACTL8,tanning ability,rs1192553,rs1192553-G,1e-06
IGSF21,tanning ability,rs1192553,rs1192553-G,1e-06
LOC100129620,tanning ability,rs12060257,rs12060257-A,2e-06
LPPR5,tanning ability,rs12060257,rs12060257-A,2e-06
SNX7,tanning ability,rs12060257,rs12060257-A,2e-06
CRADD,tanning ability,rs10777553,rs10777553-A,2e-06
LOC101928731,tanning ability,rs10777553,rs10777553-A,2e-06
PLXNC1,tanning ability,rs10777553,rs10777553-A,2e-06
ACBD7,tanning ability,rs7076862,rs7076862-A,4e-06
C10ORF111,tanning ability,rs7076862,rs7076862-A,4e-06
CDNF,tanning ability,rs7076862,rs7076862-A,4e-06
DCLRE1C,tanning ability,rs7076862,rs7076862-A,4e-06
FAM107B,tanning ability,rs7076862,rs7076862-A,4e-06
HSPA14,tanning ability,rs7076862,rs7076862-A,4e-06
MEIG1,tanning ability,rs7076862,rs7076862-A,4e-06
NMT2,tanning ability,rs7076862,rs7076862-A,4e-06
OLAH,tanning ability,rs7076862,rs7076862-A,4e-06
PPIAP30,tanning ability,rs7076862,rs7076862-A,4e-06
RPP38,tanning ability,rs7076862,rs7076862-A,4e-06
SUV39H2,tanning ability,rs7076862,rs7076862-A,4e-06
GPR151,tanning ability,rs10072948,rs10072948-G,4e-06
POU4F3,tanning ability,rs10072948,rs10072948-G,4e-06
PPP2R2B,tanning ability,rs10072948,rs10072948-G,4e-06
RBM27,tanning ability,rs10072948,rs10072948-G,4e-06
TCERG1,tanning ability,rs10072948,rs10072948-G,4e-06
LINC00870,tanning ability,rs5018014,rs5018014-T,7e-06
RYBP,tanning ability,rs5018014,rs5018014-T,7e-06
GYPA,tanning ability,rs115339319,rs115339319-C,7e-06
GYPB,tanning ability,rs115339319,rs115339319-C,7e-06
GYPE,tanning ability,rs115339319,rs115339319-C,7e-06
AGT,tanning ability,rs11122565,rs11122565-T,8e-06
C1ORF198,tanning ability,rs11122565,rs11122565-T,8e-06
CAPN9,tanning ability,rs11122565,rs11122565-T,8e-06
COG2,tanning ability,rs11122565,rs11122565-T,8e-06
LOC101927604,tanning ability,rs11122565,rs11122565-T,8e-06
PGBD5,tanning ability,rs11122565,rs11122565-T,8e-06
C16ORF47,tanning ability,rs34516333,rs34516333-T,1e-06
HCCAT5,tanning ability,rs34516333,rs34516333-T,1e-06
ZFHX3,tanning ability,rs34516333,rs34516333-T,1e-06
ERICH1-AS1,tanning ability,rs7818243,rs7818243-C,4e-06
LOC286083,tanning ability,rs7818243,rs7818243-C,4e-06
ALDH1A1,tanning ability,rs72733034,rs72733034-A,4e-06
TMC1,tanning ability,rs72733034,rs72733034-A,4e-06
DHX36,tanning ability,rs73164463,rs73164463-C,4e-06
GPR149,tanning ability,rs73164463,rs73164463-C,4e-06
IGSF11,tanning ability,rs34724549,rs34724549-A,6e-06
B3GNTL1,tanning ability,rs8068883,rs8068883-T,2e-06
FLJ43681,tanning ability,rs8068883,rs8068883-T,2e-06
METRNL,tanning ability,rs8068883,rs8068883-T,2e-06
TBCD,tanning ability,rs8068883,rs8068883-T,2e-06
ZNF750,tanning ability,rs8068883,rs8068883-T,2e-06
DNAJC15,tanning ability,rs56686332,rs56686332-T,4.9999999999999996e-06
ENOX1,tanning ability,rs56686332,rs56686332-T,4.9999999999999996e-06
EPSTI1,tanning ability,rs56686332,rs56686332-T,4.9999999999999996e-06
LINC00400,tanning ability,rs56686332,rs56686332-T,4.9999999999999996e-06
IGSF11,tanning ability,rs34724549,rs34724549-A,4.9999999999999996e-06
COL22A1,tanning ability,rs77044609,rs77044609-C,1e-06
FAM135B,tanning ability,rs77044609,rs77044609-C,1e-06
CALHM1,tanning ability,rs7894240,rs7894240-T,2e-06
CALHM2,tanning ability,rs7894240,rs7894240-T,2e-06
CALHM3,tanning ability,rs7894240,rs7894240-T,2e-06
CNNM2,tanning ability,rs7894240,rs7894240-T,2e-06
INA,tanning ability,rs7894240,rs7894240-T,2e-06
MIR1307,tanning ability,rs7894240,rs7894240-T,2e-06
NT5C2,tanning ability,rs7894240,rs7894240-T,2e-06
PCGF6,tanning ability,rs7894240,rs7894240-T,2e-06
PDCD11,tanning ability,rs7894240,rs7894240-T,2e-06
RPEL1,tanning ability,rs7894240,rs7894240-T,2e-06
TAF5,tanning ability,rs7894240,rs7894240-T,2e-06
USMG5,tanning ability,rs7894240,rs7894240-T,2e-06
ABLIM2,tanning ability,rs73218483,rs73218483-T,2e-06
ACOX3,tanning ability,rs73218483,rs73218483-T,2e-06
AFAP1,tanning ability,rs73218483,rs73218483-T,2e-06
HTRA3,tanning ability,rs73218483,rs73218483-T,2e-06
SH3TC1,tanning ability,rs73218483,rs73218483-T,2e-06
METTL4,tanning ability,rs12953784,rs12953784-A,3e-06
NDC80,tanning ability,rs12953784,rs12953784-A,3e-06
LOC101929680,tanning ability,rs4146081,rs4146081-A,4e-06
SCN7A,tanning ability,rs4146081,rs4146081-A,4e-06
SCN9A,tanning ability,rs4146081,rs4146081-A,4e-06
ANTXR2,tanning ability,rs1996455,rs1996455-A,4.9999999999999996e-06
C4ORF22,tanning ability,rs1996455,rs1996455-A,4.9999999999999996e-06
FGF5,tanning ability,rs1996455,rs1996455-A,4.9999999999999996e-06
PRDM8,tanning ability,rs1996455,rs1996455-A,4.9999999999999996e-06
CCL24,tanning ability,rs13239350,rs13239350-A,6e-06
CCL26,tanning ability,rs13239350,rs13239350-A,6e-06
HIP1,tanning ability,rs13239350,rs13239350-A,6e-06
MIR4651,tanning ability,rs13239350,rs13239350-A,6e-06
PMS2P3,tanning ability,rs13239350,rs13239350-A,6e-06
POM121C,tanning ability,rs13239350,rs13239350-A,6e-06
POR,tanning ability,rs13239350,rs13239350-A,6e-06
RHBDD2,tanning ability,rs13239350,rs13239350-A,6e-06
SNORA14A,tanning ability,rs13239350,rs13239350-A,6e-06
SPDYE5,tanning ability,rs13239350,rs13239350-A,6e-06
DMRT1,red hair,rs755383,rs755383-T,9e-10
DMRT1,red hair,rs7040024,rs7040024-A,1e-11
KITLG,red hair,rs4474514,rs4474514-A,6.0000000000000005e-15
KITLG,red hair,rs995030,rs995030-G,1e-31
KITLG,red hair,rs1508595,rs1508595-G,3.0000000000000003e-30
SPRY4,red hair,rs4624820,rs4624820-A,3.0000000000000003e-13
BAK1,red hair,rs210138,rs210138-G,1e-13
SPRY4,red hair,rs4624820,rs4624820-?,1e-14
KITLG,red hair,rs3782181,rs3782181-?,2e-26
TERT,red hair,rs2736100,rs2736100-T,8e-15
TERT,red hair,rs4635969,rs4635969-T,1e-23
CLPTM1L,red hair,rs4635969,rs4635969-T,1e-23
DMRT1,red hair,rs755383,rs755383-T,1e-23
ATF7IP,red hair,rs2900333,rs2900333-C,6e-10
SLC25A44,red hair,rs2072499,rs2072499-G,3.0000000000000004e-08
DAZL,red hair,rs10510452,rs10510452-A,1e-08
CENPE,red hair,rs2720460,rs2720460-A,2e-10
CATSPER3,red hair,rs3805663,rs3805663-T,2e-08
PITX1,red hair,rs3805663,rs3805663-T,2e-08
HEATR3,red hair,rs8046148,rs8046148-G,4e-09
RAD51C,red hair,rs9905704,rs9905704-T,3.0000000000000004e-09
TEX14,red hair,rs9905704,rs9905704-T,3.0000000000000004e-09
TERT,red hair,rs4635969,rs4635969-T,5e-24
CLPTM1L,red hair,rs4635969,rs4635969-T,5e-24
SPRY4,red hair,rs4624820,rs4624820-A,3.0000000000000003e-31
DMRT1,red hair,rs755383,rs755383-T,2e-26
ATF7IP,red hair,rs2900333,rs2900333-C,1e-13
KITLG,red hair,rs995030,rs995030-G,2e-50
MCM3AP,red hair,rs2839186,rs2839186-T,1e-09
UCK2,red hair,rs3790672,rs3790672-C,2e-08
PRDM14,red hair,rs7010162,rs7010162-G,5e-08
BAK1,red hair,rs210138,rs210138-G,2e-24
C17ORF47,red hair,rs9905704,rs9905704-T,4e-13
RAD51C,red hair,rs9905704,rs9905704-T,4e-13
PPM1E,red hair,rs9905704,rs9905704-T,4e-13
SEPT4,red hair,rs9905704,rs9905704-T,4e-13
TRIM37,red hair,rs9905704,rs9905704-T,4e-13
SKA2,red hair,rs9905704,rs9905704-T,4e-13
TEX14,red hair,rs9905704,rs9905704-T,4e-13
RFWD3,red hair,rs4888262,rs4888262-C,5e-12
GLG1,red hair,rs4888262,rs4888262-C,5e-12
MLKL,red hair,rs4888262,rs4888262-C,5e-12
SMARCAD1,red hair,rs17021463,rs17021463-T,1e-08
HPGDS,red hair,rs17021463,rs17021463-T,1e-08
HEATR3,red hair,rs8046148,rs8046148-?,3e-06
LIPG,red hair,rs9951026,rs9951026-?,4.9999999999999996e-06
MAD1L1,red hair,rs12699477,rs12699477-C,6.000000000000001e-09
UCK2,red hair,rs4657482,rs4657482-A,6e-06
SPRY4,red hair,rs4624820,rs4624820-G,8e-10
BAK1,red hair,rs210138,rs210138-G,3e-07
KITLG,red hair,rs995030,rs995030-A,3.0000000000000003e-13
DMRT1,red hair,rs755383,rs755383-C,4e-07
BVES,black hair,rs314280,rs314280-T,2e-14
LIN28B,black hair,rs314280,rs314280-T,2e-14
POPDC3,black hair,rs314280,rs314280-T,2e-14
HACE1,black hair,rs314280,rs314280-T,2e-14
E3 UBIQUITIN PROTEIN LIGASE 1,black hair,rs314280,rs314280-T,2e-14
DARC,black hair,rs3027009,rs3027009-?,7e-07
ARHGAP42,black hair,rs12800752,rs12800752-T,3e-06
INSC,black hair,rs7114467,rs7114467-A,9e-06
LIN28B,black hair,rs364663,rs364663-A,5e-07
CMIP,black hair,rs310008,rs310008-G,4e-06
AGAP1,black hair,rs6431393,rs6431393-A,4e-06
ZFHX4,black hair,rs4735738,rs4735738-A,4.9999999999999996e-06
KIRREL3,black hair,rs7114000,rs7114000-A,2e-06
NKX2-1,black hair,rs2076751,rs2076751-A,7e-06
TMEM108,black hair,rs6439371,rs6439371-?,4e-06
NPHP3,black hair,rs6439371,rs6439371-?,4e-06
TRA2B,black hair,rs2002675,rs2002675-?,6e-07
ETV5,black hair,rs2002675,rs2002675-?,6e-07
TRIM66,black hair,rs4929923,rs4929923-?,6e-06
ARNTL,black hair,rs900145,rs900145-?,1e-06
OLFM2,black hair,rs1862471,rs1862471-?,1e-06
FAM19A5,black hair,rs11703376,rs11703376-?,4e-09
C22ORF34,black hair,rs11703376,rs11703376-?,4e-09
NR6A1,black hair,rs4072705,rs4072705-?,1e-08
SSBP3,black hair,rs630602,rs630602-?,1e-08
TEX29,black hair,rs35413307,rs35413307-?,1e-08
SOX1,black hair,rs35413307,rs35413307-?,1e-08
BCDIN3D,black hair,rs7306275,rs7306275-?,1e-08
FAIM2,black hair,rs7306275,rs7306275-?,1e-08
CADM2,black hair,rs13068899,rs13068899-?,1e-08
VGLL3,black hair,rs13068899,rs13068899-?,1e-08
KCNA4,black hair,rs11031005,rs11031005-?,2e-08
FSHB,black hair,rs11031005,rs11031005-?,2e-08
ZNF483,black hair,rs10217747,rs10217747-?,2e-08
PTGR1,black hair,rs10217747,rs10217747-?,2e-08
ALMS1,black hair,rs35273932,rs35273932-?,2e-08
PEX2,black hair,rs10094574,rs10094574-?,3.0000000000000004e-08
TACR3,black hair,rs112217694,rs112217694-?,3.0000000000000004e-08
CXXC4,black hair,rs112217694,rs112217694-?,3.0000000000000004e-08
PHF15,black hair,rs13178130,rs13178130-?,4e-08
BYSL,black hair,rs9349203,rs9349203-?,5e-08
DLGAP1,black hair,rs35212912,rs35212912-?,5e-08
UTP18,black hair,rs9635759,rs9635759-?,1e-10
CA10,black hair,rs9635759,rs9635759-?,1e-10
PPM1A,black hair,rs1254309,rs1254309-?,1e-12
C14ORF39,black hair,rs1254309,rs1254309-?,1e-12
FTO,black hair,rs1558902,rs1558902-?,1e-12
FPGT,black hair,rs1040070,rs1040070-?,2e-12
TNNI3K,black hair,rs1040070,rs1040070-?,2e-12
IGSF1,black hair,rs762080,rs762080-?,7e-12
OR13H1,black hair,rs762080,rs762080-?,7e-12
C11ORF63,black hair,rs7113019,rs7113019-?,7e-12
MKL2,black hair,rs1704528,rs1704528-?,6e-12
PARN,black hair,rs1704528,rs1704528-?,6e-12
RMI1,black hair,rs2378662,rs2378662-?,1e-11
SLC28A3,black hair,rs2378662,rs2378662-?,1e-11
SKOR2,black hair,rs2048523,rs2048523-?,1e-11
SMAD2,black hair,rs2048523,rs2048523-?,1e-11
GPR45,black hair,rs2679894,rs2679894-?,2e-11
TGFBRAP1,black hair,rs2679894,rs2679894-?,2e-11
FAM5B,black hair,rs571567,rs571567-?,4.9999999999999995e-11
SEC16B,black hair,rs571567,rs571567-?,4.9999999999999995e-11
NFAT5,black hair,rs6499244,rs6499244-?,9e-11
CENPW,black hair,rs1490384,rs1490384-?,1e-10
RSPO3,black hair,rs1490384,rs1490384-?,1e-10
C7ORF10,black hair,rs4141153,rs4141153-?,4e-10
INHBA,black hair,rs4141153,rs4141153-?,4e-10
CADM1,black hair,rs5794958,rs5794958-?,1e-09
PLCL1,black hair,rs1456522,rs1456522-?,1e-09
SATB2,black hair,rs1456522,rs1456522-?,1e-09
LIN7C,black hair,rs35051342,rs35051342-?,1e-09
BDNF,black hair,rs35051342,rs35051342-?,1e-09
FAAH2,black hair,rs5914101,rs5914101-?,2e-09
ATRNL1,black hair,rs11349289,rs11349289-?,3.0000000000000004e-09
WDR25,black hair,rs12894936,rs12894936-?,1e-14
TMEM38B,black hair,rs12686569,rs12686569-?,2e-34
ZNF462,black hair,rs12686569,rs12686569-?,2e-34
FAM150B,black hair,rs201205097,rs201205097-?,3.0000000000000002e-15
TMEM18,black hair,rs201205097,rs201205097-?,3.0000000000000002e-15
HACE1,black hair,rs7766336,rs7766336-?,4e-57
LIN28B,black hair,rs7766336,rs7766336-?,4e-57
RXRG,black hair,rs100537,rs100537-?,4e-15
KDM4A,black hair,rs2274465,rs2274465-C,2e-09
PTPRP,black hair,rs2274465,rs2274465-C,2e-09
LEPR,black hair,rs10789181,rs10789181-A,4e-08
NEGR1,black hair,rs3101336,rs3101336-T,5e-13
DPYD,black hair,rs11165924,rs11165924-A,2e-09
OLFM3,black hair,rs11578152,rs11578152-G,5e-08
TNNI3K,black hair,rs7514705,rs7514705-C,2e-16
TYW3,black hair,rs7514705,rs7514705-C,2e-16
RXRG,black hair,rs466639,rs466639-C,2e-24
SEC16B,black hair,rs543874,rs543874-A,1e-15
NR5A2,black hair,rs6427782,rs6427782-A,5e-08
NUCKS1,black hair,rs951366,rs951366-T,2e-08
RAB7L1,black hair,rs951366,rs951366-T,2e-08
TMEM18,black hair,rs2947411,rs2947411-A,2e-19
CCDC85A,black hair,rs6747380,rs6747380-A,6e-28
BCL11A,black hair,rs268067,rs268067-A,3.0000000000000004e-08
GPR45,black hair,rs6758290,rs6758290-T,7e-13
LRP1B,black hair,rs12472911,rs12472911-C,7.000000000000001e-10
NR4A2,black hair,rs4369815,rs4369815-T,2e-10
NR4A2,black hair,rs17236969,rs17236969-T,3.0000000000000004e-09
SATB2,black hair,rs17233066,rs17233066-C,6e-11
SATB2,black hair,rs17266097,rs17266097-T,3.0000000000000002e-18
SATB2,black hair,rs1400974,rs1400974-A,8e-20
THRB,black hair,rs6770162,rs6770162-A,2e-12
WDR6,black hair,rs7647973,rs7647973-A,1e-16
UBA7,black hair,rs7647973,rs7647973-A,1e-16
WDR6,black hair,rs6762477,rs6762477-G,8e-12
UBA7,black hair,rs6762477,rs6762477-G,8e-12
COG4,black hair,rs1364063,rs1364063-C,5.999999999999999e-21
NFAT5,black hair,rs1364063,rs1364063-C,5.999999999999999e-21
COG4,black hair,rs929843,rs929843-A,1e-11
WWP2,black hair,rs929843,rs929843-A,1e-11
FTO,black hair,rs8050136,rs8050136-C,2e-17
WSCD1,black hair,rs7215990,rs7215990-G,2e-08
ALOX15B,black hair,rs7215990,rs7215990-G,2e-08
CA10,black hair,rs9635759,rs9635759-A,2e-24
STXBP4,black hair,rs244293,rs244293-G,4e-11
DLGAP1,black hair,rs12607903,rs12607903-C,4.9999999999999995e-11
SKOR2,black hair,rs2137289,rs2137289-A,8e-20
EVI5L,black hair,rs652260,rs652260-T,1e-08
RETN,black hair,rs652260,rs652260-T,1e-08
OLFM2,black hair,rs889122,rs889122-G,2e-13
RDH8,black hair,rs889122,rs889122-G,2e-13
CRTC1,black hair,rs10423674,rs10423674-A,9e-12
PCSK2,black hair,rs852069,rs852069-G,1e-13
BRWD1,black hair,rs2836950,rs2836950-C,6e-11
NPTXR,black hair,rs13053505,rs13053505-G,3.0000000000000004e-08
CBX7,black hair,rs13053505,rs13053505-G,3.0000000000000004e-08
C22ORF34,black hair,rs6009583,rs6009583-C,5e-08
COG6,black hair,rs6563739,rs6563739-G,2e-11
KLF12,black hair,rs1324913,rs1324913-G,3e-10
BCDIN3D,black hair,rs7138803,rs7138803-G,2e-12
TEX29,black hair,rs9560113,rs9560113-G,2e-17
SIX6,black hair,rs1254337,rs1254337-T,2e-16
FUT8,black hair,rs1958560,rs1958560-A,4e-08
DLK1,black hair,rs10144321,rs10144321-A,9.000000000000001e-15
WDR25,black hair,rs10144321,rs10144321-A,9.000000000000001e-15
DLK1,black hair,rs7141210,rs7141210-T,6.000000000000001e-09
MKRN3,black hair,rs12148769,rs12148769-G,4.9999999999999995e-11
MAGEL2,black hair,rs12148769,rs12148769-G,4.9999999999999995e-11
RORA,black hair,rs3743266,rs3743266-T,2e-13
MAP2K5,black hair,rs8032675,rs8032675-T,2e-13
DET1,black hair,rs12915845,rs12915845-C,3e-12
MKL2,black hair,rs246185,rs246185-C,6.999999999999999e-16
GPRC5B,black hair,rs12446632,rs12446632-A,1e-08
KCTD13,black hair,rs1129700,rs1129700-T,2e-09
TBX6,black hair,rs1129700,rs1129700-T,2e-09
ADARB2,black hair,rs1874984,rs1874984-C,2e-12
SEC23IP,black hair,rs12571664,rs12571664-T,3e-10
ZNF483,black hair,rs10980921,rs10980921-C,2e-23
OR2K2,black hair,rs10980921,rs10980921-C,2e-23
CTBP2,black hair,rs1915146,rs1915146-G,4e-08
SIRT3,black hair,rs7104764,rs7104764-G,4e-08
TRIM66,black hair,rs4929947,rs4929947-G,3e-12
ARNTL,black hair,rs11022756,rs11022756-A,7e-20
PTH,black hair,rs11022756,rs11022756-A,7e-20
BDNP,black hair,rs7103411,rs7103411-C,3e-11
LGR4,black hair,rs7103411,rs7103411-C,3e-11
FSHB,black hair,rs16918636,rs16918636-T,3.0000000000000004e-08
PHF21A,black hair,rs4756059,rs4756059-T,5e-13
GAB2,black hair,rs2063730,rs2063730-C,2e-12
THRSP,black hair,rs2063730,rs2063730-C,2e-12
TRPC6,black hair,rs10895140,rs10895140-G,7e-14
PGR,black hair,rs10895140,rs10895140-G,7e-14
CADM1,black hair,rs11215400,rs11215400-C,6.999999999999999e-11
BSX,black hair,rs1461503,rs1461503-C,3e-26
VDR,black hair,rs7955374,rs7955374-T,1e-08
DST,black hair,rs9475752,rs9475752-C,8e-12
BEND6,black hair,rs9475752,rs9475752-C,8e-12
IMPG1,black hair,rs9447700,rs9447700-C,6.000000000000001e-09
SIM1,black hair,rs9321659,rs9321659-A,3e-16
MCHR2,black hair,rs9321659,rs9321659-A,3e-16
SIM1,black hair,rs4840086,rs4840086-A,9e-14
MCHR2,black hair,rs4840086,rs4840086-A,9e-14
SIM1,black hair,rs13196561,rs13196561-C,8e-12
MCHR2,black hair,rs13196561,rs13196561-C,8e-12
SIM1,black hair,rs239198,rs239198-T,3.0000000000000004e-08
ASCC3,black hair,rs239198,rs239198-T,3.0000000000000004e-08
LIN28B,black hair,rs2153127,rs2153127-T,6e-59
LIN28B,black hair,rs7759938,rs7759938-C,8e-110
CENPW,black hair,rs4895808,rs4895808-C,5e-13
NCOA7,black hair,rs4895808,rs4895808-C,5e-13
PTPRK,black hair,rs6938574,rs6938574-T,2e-09
ESR1,black hair,rs6933660,rs6933660-C,1e-09
INHBA,black hair,rs1079866,rs1079866-G,9e-24
GTF2I,black hair,rs6964833,rs6964833-T,5e-12
CADPS2,black hair,rs11767400,rs11767400-A,4e-11
CSMD1,black hair,rs2688325,rs2688325-T,2e-09
POU1F1,black hair,rs7642134,rs7642134-G,3e-16
PIT1,black hair,rs7642134,rs7642134-G,3e-16
ZNF654,black hair,rs9849248,rs9849248-C,2e-08
HTR1P,black hair,rs9849248,rs9849248-C,2e-08
IGSF11,black hair,rs11715566,rs11715566-T,2e-27
EEFSEC,black hair,rs2687729,rs2687729-G,1e-10
ACAD11,black hair,rs2600959,rs2600959-A,4e-11
IL20RB,black hair,rs13067731,rs13067731-T,1e-09
HLA-A,black hair,rs16896742,rs16896742-G,3e-10
BYSL,black hair,rs2479724,rs2479724-T,1e-12
FRS3,black hair,rs2479724,rs2479724-T,1e-12
FAM83B,black hair,rs988913,rs988913-C,1e-12
HCRTR2,black hair,rs988913,rs988913-C,1e-12
LEKR1,black hair,rs900400,rs900400-T,2e-11
CCNL1,black hair,rs900400,rs900400-T,2e-11
EIF4G1,black hair,rs939317,rs939317-G,3e-12
TRA2B,black hair,rs16860328,rs16860328-G,1e-16
IGF2BP2,black hair,rs16860328,rs16860328-G,1e-16
PCDH7,black hair,rs1038903,rs1038903-T,2e-11
GNPDA2,black hair,rs10938397,rs10938397-A,4e-13
SMARCAD1,black hair,rs13135934,rs13135934-C,1e-10
TACR3,black hair,rs3733631,rs3733631-C,5e-13
ZNF131,black hair,rs1532331,rs1532331-G,4e-09
GHR,black hair,rs1532331,rs1532331-G,4e-09
PCSK1,black hair,rs17086188,rs17086188-A,4e-08
STARD4,black hair,rs251130,rs251130-G,3e-10
PHF15,black hair,rs13179411,rs13179411-T,2.9999999999999997e-20
TCF7,black hair,rs13179411,rs13179411-T,2.9999999999999997e-20
KDM3B,black hair,rs17171818,rs17171818-C,9e-14
BRD8,black hair,rs17171818,rs17171818-C,9e-14
GALNT10,black hair,rs7701886,rs7701886-A,5e-08
TENM2,black hair,rs9647570,rs9647570-G,1e-11
SLIT3,black hair,rs6555855,rs6555855-G,2e-09
CSMD1,black hair,rs7828501,rs7828501-G,1e-13
CSMD1,black hair,rs7463166,rs7463166-A,1e-08
NPBWR1,black hair,rs16918254,rs16918254-A,1e-08
PEX2,black hair,rs7821178,rs7821178-C,7e-17
KCNK9,black hair,rs1469039,rs1469039-A,4e-12
SCRIB,black hair,rs4875053,rs4875053-G,1e-08
PARP10,black hair,rs4875053,rs4875053-G,1e-08
KDM4C,black hair,rs7037266,rs7037266-A,5e-09
KDM4C,black hair,rs913588,rs913588-G,6e-11
PTPRD,black hair,rs7865468,rs7865468-A,1e-07
RMI1,black hair,rs7853970,rs7853970-T,2e-09
NTRK2,black hair,rs7853970,rs7853970-T,2e-09
TMEM38B,black hair,rs10816359,rs10816359-T,2e-08
TMEM38B,black hair,rs10453225,rs10453225-G,6e-66
TMEM38B,black hair,rs10739221,rs10739221-C,4e-41
TMEM245,black hair,rs11792861,rs11792861-A,2e-11
ZNF483,black hair,rs10980854,rs10980854-A,1e-08
OR2K2,black hair,rs10980854,rs10980854-A,1e-08
LIN28B,black hair,rs314276,rs314276-C,4e-16
LIN28B,black hair,rs314277,rs314277-A,3.0000000000000003e-13
LIN28B,black hair,rs7759938,rs7759938-C,7.000000000000001e-09
ZNF462,black hair,rs2090409,rs2090409-A,2e-09
SLC44A1,black hair,rs2090409,rs2090409-A,2e-09
FKTN,black hair,rs2090409,rs2090409-A,2e-09
TAL2,black hair,rs2090409,rs2090409-A,2e-09
FSD1L,black hair,rs2090409,rs2090409-A,2e-09
TMEM38B,black hair,rs2090409,rs2090409-A,2e-09
LIN28B,black hair,rs7759938,rs7759938-T,5e-18
CYP19A1,black hair,rs12907866,rs12907866-A,4e-07
UNC13C,black hair,rs11071033,rs11071033-T,3e-06
FLJ13195,black hair,rs7807441,rs7807441-T,3e-06
AKT3,black hair,rs320320,rs320320-A,1e-07
UNC13C,black hair,rs11071033,rs11071033-T,7e-06
ZNF483,black hair,rs10441737,rs10441737-T,4e-15
RORA,black hair,rs980000,rs980000-T,2e-06
DLGAP2,black hair,rs17669535,rs17669535-C,6e-07
FLRT2,black hair,rs8014131,rs8014131-A,3e-07
B3GALNT1,black hair,rs4557202,rs4557202-C,2e-06
DSCAML1,black hair,rs11216435,rs11216435-T,3e-06
RORA,black hair,rs339978,rs339978-T,2e-06
ZNF483,black hair,rs7873730,rs7873730-A,2e-06
PIK3R1,black hair,rs10940138,rs10940138-T,4e-07
AKT3,black hair,rs320320,rs320320-A,4.9999999999999996e-06
AKR1C4,black hair,rs182498797,rs182498797-A,3.0000000000000004e-09
TMEM18,black hair,rs2947411,rs2947411-A,2e-08
C6ORF173,black hair,rs1361108,rs1361108-T,2e-08
TRMT11,black hair,rs1361108,rs1361108-T,2e-08
NFAT5,black hair,rs1364063,rs1364063-C,2e-08
SEC16B,black hair,rs633715,rs633715-C,2e-08
MCHR2,black hair,rs4840086,rs4840086-G,2e-08
PRDM13,black hair,rs4840086,rs4840086-G,2e-08
FTO,black hair,rs9939609,rs9939609-A,3.0000000000000004e-08
C13ORF16,black hair,rs9555810,rs9555810-G,6.000000000000001e-08
ARHGEF7,black hair,rs9555810,rs9555810-G,6.000000000000001e-08
PHF21A,black hair,rs16938437,rs16938437-T,6.000000000000001e-08
EEFSEC,black hair,rs2687729,rs2687729-G,1e-07
RORA,black hair,rs3743266,rs3743266-C,8e-07
ZNF483,black hair,rs10980926,rs10980926-A,4e-11
CCDC85A,black hair,rs17268785,rs17268785-G,1e-10
FUSSEL18,black hair,rs1398217,rs1398217-G,2e-13
CA10,black hair,rs9635759,rs9635759-A,7e-13
PCSK2,black hair,rs852069,rs852069-A,3.0000000000000004e-08
GAB2,black hair,rs10899489,rs10899489-A,8e-09
TMEM38B,black hair,rs2090409,rs2090409-A,2e-33
RXRG,black hair,rs466639,rs466639-T,1e-13
BEGAIN,black hair,rs6575793,rs6575793-C,1e-08
ARNTL,black hair,rs900145,rs900145-C,2e-08
RBM6,black hair,rs6762477,rs6762477-G,2e-08
CRTC1,black hair,rs10423674,rs10423674-A,6.000000000000001e-09
TRIM66,black hair,rs4929923,rs4929923-T,1e-08
TMEM108,black hair,rs6439371,rs6439371-G,1e-08
NPHP3,black hair,rs6439371,rs6439371-G,1e-08
KLHDC8B,black hair,rs7617480,rs7617480-A,3.0000000000000004e-08
KDM3B,black hair,rs757647,rs757647-A,5e-08
IQCH,black hair,rs7359257,rs7359257-A,2e-06
PXMP3,black hair,rs7821178,rs7821178-A,3.0000000000000004e-09
VGLL3,black hair,rs7642134,rs7642134-A,4e-10
NR4A2,black hair,rs17188434,rs17188434-C,1e-09
LRP1B,black hair,rs12472911,rs12472911-C,2e-07
ECE2,black hair,rs3914188,rs3914188-G,3e-07
MKL2,black hair,rs1659127,rs1659127-A,4e-09
OLFM2,black hair,rs1862471,rs1862471-G,2e-07
SLC14A2,black hair,rs2243803,rs2243803-A,3e-07
LIN28B,black hair,rs7759938,rs7759938-C,5e-60
PLCL1,black hair,rs12617311,rs12617311-A,6.000000000000001e-13
INHBA,black hair,rs1079866,rs1079866-G,6e-14
BSX,black hair,rs6589964,rs6589964-A,2e-12
PHF15,black hair,rs13187289,rs13187289-G,2e-10
TRA2B,black hair,rs2002675,rs2002675-G,1e-09
ETV5,black hair,rs2002675,rs2002675-G,1e-09
PCDH15,black hair,rs1930170,rs1930170-?,6.000000000000001e-08
ATP6V1G1,black hair,rs10817638,rs10817638-G,5e-07
DERA,black hair,rs10846260,rs10846260-?,3e-06
CRISP2,black hair,rs802075,rs802075-?,9e-06
ATP6V1G1,black hair,rs10817638,rs10817638-?,3.0000000000000004e-09
KCNH1,black hair,rs1697621,rs1697621-?,2e-06
ABCB1,black hair,rs10264856,rs10264856-?,8e-07
ABCB1,black hair,rs2157926,rs2157926-?,2e-06
RUNDC3B,black hair,rs10232457,rs10232457-?,9e-07
DDX58,black hair,rs10738889,rs10738889-?,2e-06
PCDH15,black hair,rs1930170,rs1930170-?,6.000000000000001e-08
ATP6V1G1,black hair,rs10982287,rs10982287-?,9e-06
PTPRD,black hair,rs291269,rs291269-G,2e-07
NKX2-1,black hair,rs2076751,rs2076751-C,2e-15
THOC1,black hair,rs77001758,rs77001758-A,1e-09
NKX2-1,black hair,rs2076751,rs2076751-C,1e-11
THOC1,black hair,rs77001758,rs77001758-A,5e-09
PTPRD,black hair,rs291269,rs291269-G,2e-08
SATB2,black hair,rs35020808,rs35020808-GT,4.9999999999999995e-11
LIN28B,black hair,rs11285463,rs11285463-AT,3e-16
ZFHX4,black hair,rs7821604,rs7821604-C,2e-08
TMEM38B,black hair,rs1516883,rs1516883-G,4e-12
C11ORF63,black hair,rs144048300,rs144048300-T,1e-08
RXRG,black hair,rs78408536,rs78408536-CT,5e-08
PTPRD,black hair,rs10119582,rs10119582-C,9e-13
RSBN1,hair pigmentation,rs6679677,rs6679677-A,3e-19
HLA-DRB1,hair pigmentation,rs687308,rs687308-T,2e-84
HLA-DQB1,blue eyes,rs9357152,rs9357152-G,1e-14
UQCC,brown eyes,rs6060373,rs6060373-C,2e-07
BCKDHB,brown eyes,rs9341808,rs9341808-C,1e-16
WNT4,brown eyes,rs10917168,rs10917168-T,5.999999999999999e-24
DYM,brown eyes,rs143793852,rs143793852-C,1e-12
SH3GL3,brown eyes,rs2585073,rs2585073-C,6e-07
MIR196A2,brown eyes,rs11614913,rs11614913-T,2e-42
ADAMTSL3,brown eyes,rs8036748,rs8036748-A,2e-13
CHRDL2,brown eyes,rs72979233,rs72979233-G,2e-11
GDF5,brown eyes,rs143384,rs143384-G,4e-21
COL11A1,brown eyes,rs3753841,rs3753841-G,9e-06
IGDCC4,green eyes,rs6494537,rs6494537-C,3.0000000000000004e-09
DPP8,green eyes,rs6494537,rs6494537-C,3.0000000000000004e-09
PTPLAD1,green eyes,rs6494537,rs6494537-C,3.0000000000000004e-09
C15ORF44,green eyes,rs6494537,rs6494537-C,3.0000000000000004e-09
SLC24A1,green eyes,rs6494537,rs6494537-C,3.0000000000000004e-09
DENND4A,green eyes,rs6494537,rs6494537-C,3.0000000000000004e-09
TYMP,green eyes,rs470119,rs470119-T,4e-08
KLHDC7B,green eyes,rs470119,rs470119-T,4e-08
SCO2,green eyes,rs470119,rs470119-T,4e-08
NCAPH2,green eyes,rs470119,rs470119-T,4e-08
PDGFRA,green eyes,rs218237,rs218237-T,3.0000000000000002e-25
HK1,green eyes,rs218237,rs218237-T,3.0000000000000002e-25
ATP6V1G3,green eyes,rs12127588,rs12127588-A,7.000000000000001e-10
PTPRC,green eyes,rs12127588,rs12127588-A,7.000000000000001e-10
MSMB,green eyes,rs7085433,rs7085433-A,6e-10
NCOA4,green eyes,rs7085433,rs7085433-A,6e-10
TIMM23,green eyes,rs7085433,rs7085433-A,6e-10
ANUBL1,green eyes,rs2279434,rs2279434-T,4e-12
FAM21C,green eyes,rs2279434,rs2279434-T,4e-12
AGAP4,green eyes,rs2279434,rs2279434-T,4e-12
MARCH8,green eyes,rs2279434,rs2279434-T,4e-12
ALOX5,green eyes,rs2279434,rs2279434-T,4e-12
C6ORF182,green eyes,rs11966072,rs11966072-G,1e-08
CD164,green eyes,rs11966072,rs11966072-G,1e-08
RGS11,green eyes,rs2858942,rs2858942-A,3.0000000000000004e-09
ITFG3,green eyes,rs2858942,rs2858942-A,3.0000000000000004e-09
HBA2,green eyes,rs2858942,rs2858942-A,3.0000000000000004e-09
HBA1,green eyes,rs2858942,rs2858942-A,3.0000000000000004e-09
LUC7L,green eyes,rs2858942,rs2858942-A,3.0000000000000004e-09
HBS1L,green eyes,rs7775698,rs7775698-T,3e-66
MYB,green eyes,rs7775698,rs7775698-T,3e-66
RCL1,green eyes,rs2236496,rs2236496-C,6e-11
TFRC,green eyes,rs4916483,rs4916483-C,4e-11
ZDHHC19,green eyes,rs4916483,rs4916483-C,4e-11
TMPRSS6,green eyes,rs855791,rs855791-G,5.0000000000000005e-25
CITED2,green eyes,rs632057,rs632057-G,1e-09
THRB,green eyes,rs9310736,rs9310736-A,4e-10
BYSL,green eyes,rs3218097,rs3218097-A,2e-20
USP49,green eyes,rs3218097,rs3218097-A,2e-20
CCND3,green eyes,rs3218097,rs3218097-A,2e-20
MED20,green eyes,rs3218097,rs3218097-A,2e-20
CDT1,green eyes,rs837763,rs837763-C,4e-13
HBS1L,green eyes,rs7775698,rs7775698-T,6e-12
MYB,green eyes,rs7775698,rs7775698-T,6e-12
TMPRSS6,green eyes,rs855791,rs855791-G,8e-14
ALDH2,green eyes,rs671,rs671-A,7.000000000000001e-10
SLC12A7,green eyes,rs4580814,rs4580814-T,5e-10
ABO,green eyes,rs8176746,rs8176746-T,4e-08
CCT3,green eyes,rs6684514,rs6684514-A,3.0000000000000004e-09
BGLAP,green eyes,rs6684514,rs6684514-A,3.0000000000000004e-09
PAQR6,green eyes,rs6684514,rs6684514-A,3.0000000000000004e-09
SMG5,green eyes,rs6684514,rs6684514-A,3.0000000000000004e-09
TMEM79,green eyes,rs6684514,rs6684514-A,3.0000000000000004e-09
C1ORF182,green eyes,rs6684514,rs6684514-A,3.0000000000000004e-09
C1ORF85,green eyes,rs6684514,rs6684514-A,3.0000000000000004e-09
VHLL,green eyes,rs6684514,rs6684514-A,3.0000000000000004e-09
TMPRSS6,green eyes,rs5756504,rs5756504-T,2e-10
ABO,green eyes,rs495828,rs495828-T,1e-11
PRKCE,green eyes,rs10495928,rs10495928-A,4.9999999999999996e-06
GNG5P1,green eyes,rs12211694,rs12211694-A,1e-08
GSG1L,green eyes,rs1548454,rs1548454-G,4e-08
OR10J1,green eyes,rs4133289,rs4133289-?,2e-07
OR10J5,green eyes,rs4133289,rs4133289-?,2e-07
ACVRL1,green eyes,rs3847858,rs3847858-?,9e-12
ACVR1B,green eyes,rs3847858,rs3847858-?,9e-12
DLEU1,green eyes,rs806293,rs806293-?,2e-10
FAM9A,green eyes,rs61642945,rs61642945-?,4e-08
FAM9B,green eyes,rs61642945,rs61642945-?,4e-08
PROX1,green eyes,rs366684,rs366684-?,6e-11
PRKCE,green eyes,rs10168349,rs10168349-?,3e-32
PDGFRA,green eyes,rs1848347,rs1848347-?,6e-16
KIT,green eyes,rs1848347,rs1848347-?,6e-16
AFF1,green eyes,rs1037814,rs1037814-?,2e-11
PSORS1C3,green eyes,rs116834467,rs116834467-?,4e-09
BTNL2,green eyes,rs146109634,rs146109634-?,2e-08
LOC101929705,green eyes,rs833805,rs833805-?,4e-09
HBS1L,green eyes,rs9399136,rs9399136-?,2e-17
MYB,green eyes,rs9399136,rs9399136-?,2e-17
UNCX,green eyes,rs1533988,rs1533988-?,2e-14
MICALL2,green eyes,rs1533988,rs1533988-?,2e-14
ABO,green eyes,rs2519093,rs2519093-?,1e-35
VMP1,green eyes,rs4257266,rs4257266-?,3.0000000000000004e-08
DOT1L,green eyes,rs12610645,rs12610645-?,1e-08
UGT2B10,green eyes,rs11730623,rs11730623-?,2e-08
BICC1,green eyes,rs150505258,rs150505258-?,4e-08
TMPRSS6,green eyes,rs855791,rs855791-?,1e-34
LINC01589,green eyes,rs9614727,rs9614727-?,3.0000000000000004e-08
ATXN10,green eyes,rs9614727,rs9614727-?,3.0000000000000004e-08
PRKCE,green eyes,rs17034641,rs17034641-G,3.0000000000000004e-08
HFE,green eyes,rs2032451,rs2032451-G,3.0000000000000004e-08
TMPRSS6,green eyes,rs855791,rs855791-A,6e-23
MTX1,green eyes,rs760077,rs760077-T,6e-19
FCGR2B,green eyes,rs61804164,rs61804164-C,4e-11
DNM3,green eyes,rs554019,rs554019-T,4e-09
CCDC27,green eyes,rs1181870,rs1181870-A,2e-14
NASP,green eyes,rs2230657,rs2230657-A,3.0000000000000003e-13
ATP2B4,green eyes,rs4951074,rs4951074-G,6e-11
SLC39A8,green eyes,chr4:103188709,chr4:103188709-T,6.000000000000001e-13
TEX41,green eyes,rs2246363,rs2246363-A,1e-09
STK36,green eyes,rs2303566,rs2303566-A,2e-11
KLF7,green eyes,rs768090,rs768090-T,1e-10
PPARG,green eyes,rs4073770,rs4073770-T,1e-09
NT5DC2,green eyes,rs66782572,rs66782572-G,6.000000000000001e-09
MITF,green eyes,rs17006441,rs17006441-A,4e-10
AC090505.6,green eyes,rs34477782,rs34477782-A,2e-10
SHROOM3,green eyes,rs2870238,rs2870238-T,2e-12
AFF1,green eyes,rs442177,rs442177-T,1e-17
UGT8,green eyes,rs6841433,rs6841433-G,1e-09
RP11-323I1.1,green eyes,rs10494964,rs10494964-C,2e-09
PROX1,green eyes,rs6665764,rs6665764-A,6.0000000000000004e-18
EXOC8,green eyes,rs11122272,rs11122272-G,4e-13
EGLN1,green eyes,rs533281866,rs533281866-C,2e-24
TRIM58,green eyes,rs3811444,rs3811444-T,1e-09
KLHL29,green eyes,rs56262900,rs56262900-A,2e-10
PRKCE,green eyes,rs114948639,rs114948639-T,3.0000000000000002e-15
PRKCE,green eyes,rs17799476,rs17799476-G,2e-09
PRKCE,green eyes,rs10495928,rs10495928-G,1e-85
PSD4,green eyes,rs7560180,rs7560180-T,1e-17
TFCP2L1,green eyes,rs11689538,rs11689538-C,1e-11
EPO,green eyes,rs149823406,rs149823406-T,1e-10
AC009276.4,green eyes,rs11760376,rs11760376-G,4e-09
PRKAG2,green eyes,rs73728279,rs73728279-T,3e-59
NDUFAF6,green eyes,rs12548874,rs12548874-A,6.000000000000001e-09
TRPS1,green eyes,rs800911,rs800911-A,3e-12
PVT1,green eyes,rs66561647,rs66561647-T,2e-14
VLDLR,green eyes,rs369552432,rs369552432-A,2e-11
GLIS3,green eyes,rs6415788,rs6415788-T,4e-11
ACO1,green eyes,rs7045087,rs7045087-C,2e-09
DDX58,green eyes,rs7045087,rs7045087-C,2e-09
AK1,green eyes,rs67145503,rs67145503-A,2e-18
MIR4672,green eyes,rs67145503,rs67145503-A,2e-18
RP11-203J24.9,green eyes,rs67145503,rs67145503-A,2e-18
RP11-430N14.4,green eyes,rs10901252,rs10901252-C,2e-25
ABO,green eyes,rs10901252,rs10901252-C,2e-25
ABO,green eyes,rs8176643,rs8176643-A,2.9999999999999997e-71
ELMSAN1,green eyes,rs544453779,rs544453779-T,2e-09
CATSPER2P1,green eyes,rs147233090,rs147233090-T,7e-15
LUC7L,green eyes,chr16:249022,chr16:249022-T,7e-12
ESR2,green eyes,rs1256061,rs1256061-T,5e-12
RP11-355N15.1,green eyes,rs261332,rs261332-G,7.000000000000001e-09
DENND4A,green eyes,rs557277320,rs557277320-T,5e-09
RAB11A,green eyes,rs557277320,rs557277320-T,5e-09
RP11-321F6.1,green eyes,rs11377084,rs11377084-TA,9e-10
NRG4,green eyes,rs11072567,rs11072567-G,2.9999999999999996e-24
LUC7L,green eyes,rs530159671,rs530159671-A,4e-10
RANBP10,green eyes,rs147766666,rs147766666-T,2e-11
PIEZO1,green eyes,rs567292015,rs567292015-A,4e-09
RP5-1142A6.2,green eyes,rs567292015,rs567292015-A,4e-09
SPATA33,green eyes,rs447735,rs447735-C,1e-09
DNAH2,green eyes,rs12945870,rs12945870-T,2e-10
PFAS,green eyes,rs4791641,rs4791641-T,1e-10
VAV2,green eyes,rs2519796,rs2519796-A,4e-10
CACNA1C,green eyes,chr12:2520453,chr12:2520453-A,2e-12
ST5,green eyes,rs7945705,rs7945705-A,3e-17
HK1,green eyes,rs17476364,rs17476364-C,1e-156
RP11-748C4.1,green eyes,rs59901009,rs59901009-C,3e-32
SBF2,green eyes,rs59901009,rs59901009-C,3e-32
SBF2,green eyes,rs568645819,rs568645819-C,1e-23
DCDC1,green eyes,rs662735,rs662735-A,2e-10
MYRF,green eyes,rs174533,rs174533-A,3e-14
TMEM258,green eyes,rs174533,rs174533-A,3e-14
UVRAG,green eyes,rs10899133,rs10899133-T,4e-10
GPRC5A,green eyes,rs12811512,rs12811512-T,8e-09
PFKM,green eyes,rs4760682,rs4760682-A,1e-26
ZNF641,green eyes,rs2732480,rs2732480-A,8e-29
SH2B3,green eyes,rs3184504,rs3184504-C,1e-74
C12ORF43,green eyes,rs1182933,rs1182933-T,6e-10
POMP,green eyes,rs1340818,rs1340818-C,4e-10
EXOC3,green eyes,rs11749327,rs11749327-A,5e-09
HLA-DQB1-AS1,green eyes,chr6:32623434,chr6:32623434-C,1e-32
RREB1,green eyes,chr6:7229619,chr6:7229619-A,2e-11
RGS14,green eyes,rs56235845,rs56235845-G,1e-09
GMDS,green eyes,rs115986297,rs115986297-G,7e-15
GMPR,green eyes,rs6459467,rs6459467-A,3e-10
HFE,green eyes,rs1799945,rs1799945-G,2e-103
HLA-A,green eyes,rs9260313,rs9260313-C,1e-15
HLA-C,green eyes,rs2524081,rs2524081-C,4.9999999999999995e-11
USP8P1,green eyes,rs2524081,rs2524081-C,4.9999999999999995e-11
VEGFA,green eyes,rs833070,rs833070-C,1e-20
RP5-1120P11.1,green eyes,rs833805,rs833805-G,5e-31
RP11-392A23.4,green eyes,rs3996993,rs3996993-C,5e-09
RSPO3,green eyes,rs1936807,rs1936807-G,5e-12
HBS1L,green eyes,rs9376090,rs9376090-C,3e-34
PRKAR1B,green eyes,rs35750745,rs35750745-CA,4e-12
ZNF12,green eyes,rs6967414,rs6967414-A,4e-10
PMS2CL,green eyes,rs6967414,rs6967414-A,4e-10
PMS2P1,green eyes,rs184562466,rs184562466-T,2e-13
NYAP1,green eyes,rs546810441,rs546810441-A,7e-36
TFR2,green eyes,rs531909210,rs531909210-A,2e-16
GNB2,green eyes,rs62482253,rs62482253-A,2e-12
POP7,green eyes,rs11772705,rs11772705-C,3e-14
SLC4A1,green eyes,chr17:42329004,chr17:42329004-C,5e-10
WNT3,green eyes,rs8069437,rs8069437-C,6e-16
CRHR1,green eyes,rs17563683,rs17563683-G,3e-26
RP11-105N13.4,green eyes,rs17563683,rs17563683-G,3e-26
RP11-293E1.1,green eyes,rs17563683,rs17563683-G,3e-26
PTBP1,green eyes,chr19:807442,chr19:807442-C,5e-14
VMP1,green eyes,rs8067354,rs8067354-A,1e-09
BCAS3,green eyes,rs1010269,rs1010269-G,6e-11
RP11-332H18.5,green eyes,rs1010269,rs1010269-G,6e-11
ABCA6,green eyes,rs77542162,rs77542162-G,2e-16
SMAD7,green eyes,rs2878889,rs2878889-G,9e-10
AP3D1,green eyes,rs57908212,rs57908212-C,3e-14
HDGFRP2,green eyes,rs8887,rs8887-C,3.0000000000000003e-13
EGLN2,green eyes,rs184088518,rs184088518-T,4e-16
EGLN2,green eyes,rs61750953,rs61750953-T,1e-09
CTC-490E21.12,green eyes,rs71358934,rs71358934-A,4.9999999999999995e-11
KCNN4,green eyes,rs563995,rs563995-A,4e-09
CTA-941F9.9,green eyes,rs4823308,rs4823308-A,1e-13
FBLN1,green eyes,rs4823308,rs4823308-A,1e-13
WNT7B,green eyes,rs62228060,rs62228060-G,4e-16
CR536603.1,green eyes,rs62228060,rs62228060-G,4e-16
TMPRSS6,green eyes,chr22:37462936,chr22:37462936-G,6e-169
ZC3H4,green eyes,rs2241388,rs2241388-C,3e-10
RCN3,green eyes,rs111476047,rs111476047-TTTGG,1e-11
PLCG1,green eyes,rs753381,rs753381-C,8e-09
LINC00649,green eyes,rs35542019,rs35542019-T,7e-14
CLDN14,green eyes,rs128494,rs128494-C,1e-13
AP000695.4,green eyes,rs128494,rs128494-C,1e-13
AP000695.6,green eyes,rs128494,rs128494-C,1e-13
SIM2,green eyes,rs2269188,rs2269188-C,2e-11
AP000697.6,green eyes,rs2269188,rs2269188-C,2e-11
CTA-292E10.6,green eyes,rs5762813,rs5762813-T,4.9999999999999995e-11
TMPRSS6,green eyes,rs5756519,rs5756519-C,6e-35
A4GALT,green eyes,rs5758896,rs5758896-C,7e-18
PNPLA3,green eyes,rs738408,rs738408-T,3e-12
CHD1L,green eyes,rs4950322,rs4950322-?,7e-07
ABO,green eyes,rs495828,rs495828-T,2e-10
TMPRSS6,green eyes,rs4820268,rs4820268-A,2e-09
TFR2,green eyes,rs10224210,rs10224210-?,3e-12
ACTL6B,green eyes,rs10224210,rs10224210-?,3e-12
IKZF1,green eyes,rs10224210,rs10224210-?,3e-12
PRKAG2,green eyes,rs10224210,rs10224210-?,3e-12
PRKCE,green eyes,rs13008603,rs13008603-?,1e-20
HK1,green eyes,rs16926246,rs16926246-?,1e-08
ABO,green eyes,rs495828,rs495828-?,1e-19
SH2B3,green eyes,rs3184504,rs3184504-?,1e-10
ITFG3,green eyes,rs13339636,rs13339636-?,1e-08
HFE,green eyes,rs198846,rs198846-?,1e-08
HIST1H1T,green eyes,rs198846,rs198846-?,1e-08
TFR2,green eyes,rs2075672,rs2075672-?,1e-08
ACTL6B,green eyes,rs2075672,rs2075672-?,1e-08
KIT,green eyes,rs218237,rs218237-?,1e-08
TMPRSS6,green eyes,rs2413450,rs2413450-?,1e-08
"HFE",green eyes,rs198846,rs198846-A,1e-08
TMPRSS6,green eyes,rs855791,rs855791-A,2e-13
HBG2,green eyes,rs557129696,rs557129696-G,4.9999999999999995e-11
HBE1,green eyes,rs557129696,rs557129696-G,4.9999999999999995e-11
AC104389.28,green eyes,rs557129696,rs557129696-G,4.9999999999999995e-11
PRKAG2,green eyes,rs10480300,rs10480300-C,8e-15
HK1,green eyes,rs10159477,rs10159477-A,4e-20
SH2B3,green eyes,rs3184504,rs3184504-T,4e-19
ATXN2,green eyes,rs3184504,rs3184504-T,4e-19
LIPC,green eyes,rs1532085,rs1532085-G,6.999999999999999e-11
NRG4,green eyes,rs11072566,rs11072566-A,3e-10
"HFE",green eyes,rs1800562,rs1800562-A,2e-06
TMPRSS6,green eyes,rs855791,rs855791-T,3.0000000000000004e-08
ALPHA-GLOBIN CLUSTER,green eyes,rs7203560,rs7203560-G,2e-08
NPRL3,green eyes,rs570013781,rs570013781-A,6.0000000000000004e-18
HBZ,green eyes,rs570013781,rs570013781-A,6.0000000000000004e-18
HBQ1,green eyes,rs570013781,rs570013781-A,6.0000000000000004e-18
HBA1,green eyes,rs570013781,rs570013781-A,6.0000000000000004e-18
HBA2,green eyes,rs570013781,rs570013781-A,6.0000000000000004e-18
MPG,green eyes,rs570013781,rs570013781-A,6.0000000000000004e-18
HBM,green eyes,rs570013781,rs570013781-A,6.0000000000000004e-18
FAM3A,green eyes,rs5030868,rs5030868-A,3e-11
G6PD,green eyes,rs5030868,rs5030868-A,3e-11
IKBKG,green eyes,rs5030868,rs5030868-A,3e-11
HBD,green eyes,rs35152987,rs35152987-A,4e-86
HBB,green eyes,rs35152987,rs35152987-A,4e-86
HBBP1,green eyes,rs35152987,rs35152987-A,4e-86
HBG1,green eyes,rs35152987,rs35152987-A,4e-86
HBG2,green eyes,rs35152987,rs35152987-A,4e-86
HBE1,green eyes,rs35152987,rs35152987-A,4e-86
MYB,green eyes,rs7776054,rs7776054-G,4e-19
BCL11A,green eyes,rs4671393,rs4671393-A,3.0000000000000003e-130
MYB,green eyes,rs9399137,rs9399137-C,1e-93
HBB,green eyes,rs67385638,rs67385638-G,1e-25
HBD,green eyes,rs67385638,rs67385638-G,1e-25
HBBP1,green eyes,rs67385638,rs67385638-G,1e-25
HBG1,green eyes,rs67385638,rs67385638-G,1e-25
HBG2,green eyes,rs67385638,rs67385638-G,1e-25
HBE1,green eyes,rs67385638,rs67385638-G,1e-25
PLPT,green eyes,rs59329875,rs59329875-C,7e-06
PCIF1,green eyes,rs59329875,rs59329875-C,7e-06
ITFG3,green eyes,rs13335629,rs13335629-A,3e-23
POLR3K,green eyes,rs13335629,rs13335629-A,3e-23
NPRL3,green eyes,rs13335629,rs13335629-A,3e-23
MPG,green eyes,rs13335629,rs13335629-A,3e-23
LUCL7,green eyes,rs13335629,rs13335629-A,3e-23
RPL2B,green eyes,rs13335629,rs13335629-A,3e-23
"HFE",green eyes,rs1800562,rs1800562-A,4e-06
TKTL1,green eyes,rs762516,rs762516-T,4e-18
G6PD,green eyes,rs762516,rs762516-T,4e-18
MECP2,green eyes,rs762516,rs762516-T,4e-18
MPP1,green eyes,rs762516,rs762516-T,4e-18
TMPRSS6,green eyes,rs855791,rs855791-?,2e-51
"HFE",green eyes,rs1800562,rs1800562-A,6e-19
TMPRSS6,green eyes,rs855791,rs855791-A,3.0000000000000002e-25
PRKCE,green eyes,rs10495928,rs10495928-G,7e-13
HK1,green eyes,rs16926246,rs16926246-T,2e-11
PRKAG2,green eyes,rs10224002,rs10224002-G,3.0000000000000002e-15
TSHZ2,green eyes,rs6013509,rs6013509-A,1e-10
TRAFD1,green eyes,rs11065987,rs11065987-A,1e-11
EPAS1,green eyes,rs372272284,rs372272284-G,8e-08
EPAS1,green eyes,rs372272284,rs372272284-G,6.000000000000001e-09
PNPLA3,green eyes,rs738409,rs738409-G,9e-29
ABHD6,green eyes,rs7431952,rs7431952-A,1e-12
PXK,green eyes,rs7431952,rs7431952-A,1e-12
RPP14,green eyes,rs7431952,rs7431952-A,1e-12
UGT8,green eyes,rs7434753,rs7434753-C,1e-09
TRRAP,green eyes,rs746441804,rs746441804-A,1e-13
ARHGEF15,green eyes,rs871841,rs871841-C,5.000000000000001e-15
HOXD11,green eyes,rs863678,rs863678-G,1e-19
HDGFRP2,green eyes,rs8887,rs8887-T,8.999999999999999e-38
PLIN4,green eyes,rs8887,rs8887-T,8.999999999999999e-38
LRRC16A,green eyes,rs913455,rs913455-C,5e-39
HLA-A,green eyes,rs9260313,rs9260313-C,5e-24
ZINTERGENICD1,green eyes,rs9261269,rs9261269-A,4e-32
PPP1R18,green eyes,rs9262143,rs9262143-T,3e-28
L3MBTL3,green eyes,rs9388768,rs9388768-C,8e-16
FCGR2A,green eyes,rs9427398,rs9427398-G,6.999999999999999e-21
ZBTB38,green eyes,rs9853018,rs9853018-T,1e-11
EFCAB5,green eyes,rs9897794,rs9897794-G,3.0000000000000004e-08
CTCF,green eyes,rs9934328,rs9934328-C,1e-10
FAM65A,green eyes,rs9934328,rs9934328-C,1e-10
EXOC3L1,green eyes,rs9939768,rs9939768-C,1e-08
MAP4K5,green eyes,rs12881869,rs12881869-T,2e-14
ARHGEF40,green eyes,rs12889267,rs12889267-G,2e-14
TUBD1,green eyes,rs1292053,rs1292053-G,3.0000000000000002e-18
DNAH2,green eyes,rs12945870,rs12945870-C,1e-13
ARHGAP27,green eyes,rs12949256,rs12949256-T,3e-51
ATP8B1,green eyes,rs12968116,rs12968116-T,4e-14
CYP27A1,green eyes,rs13020432,rs13020432-C,1e-13
ARHGAP10,green eyes,rs13103534,rs13103534-A,1e-11
SLC39A8,green eyes,rs13107325,rs13107325-T,2e-24
COBLL1,green eyes,rs13389219,rs13389219-T,1e-10
POMP,green eyes,rs1340818,rs1340818-T,3e-17
STK36,green eyes,rs1344642,rs1344642-A,6.999999999999999e-16
NAT8,green eyes,rs13538,rs13538-G,2e-08
MYH9,green eyes,rs136213,rs136213-A,1e-12
MBLAC1,green eyes,rs138428123,rs138428123-G,6e-26
FRMD5,green eyes,rs1863600,rs1863600-C,1e-18
STARD3,green eyes,rs1877031,rs1877031-G,4e-11
ZNF184,green eyes,rs1883216,rs1883216-C,3.0000000000000002e-15
RSPO3,green eyes,rs1936807,rs1936807-C,7e-24
GOSR2,green eyes,rs197922,rs197922-A,2e-12
R3HDM2,green eyes,rs199839547,rs199839547-G,1e-10
LRRC37A2,green eyes,rs199913382,rs199913382-C,3e-54
DHX38,green eyes,rs2000999,rs2000999-A,7.000000000000001e-09
PMFBP1,green eyes,rs2000999,rs2000999-A,7.000000000000001e-09
HP,green eyes,rs2000999,rs2000999-A,7.000000000000001e-09
HIST1H2BL,green eyes,rs200484,rs200484-G,7e-52
TTC1,green eyes,rs200775911,rs200775911-T,3.0000000000000004e-09
ANAPC1,green eyes,rs201128688,rs201128688-T,2e-09
CLCNKB,green eyes,rs2015352,rs2015352-G,2e-08
PTPN2,green eyes,rs201562238,rs201562238-AAAAACAAAACAAAAC,1e-12
AKAP10,green eyes,rs203462,rs203462-C,2e-09
SCAF11,green eyes,rs7315731,rs7315731-T,2e-11
CUX2,green eyes,rs73415912,rs73415912-T,1e-11
INTERGENICN1L,green eyes,rs73594554,rs73594554-A,1e-21
PRKAG2,green eyes,rs73728279,rs73728279-T,9e-152
PNPLA3,green eyes,rs738408,rs738408-T,1e-28
BCAS3,green eyes,rs1010269,rs1010269-A,4e-33
LRRC16A,green eyes,rs1012899,rs1012899-G,1e-27
PRKCE,green eyes,rs10168349,rs10168349-C,2e-182
MRPL33,green eyes,rs10209020,rs10209020-C,1e-12
MTERF1,green eyes,rs10266424,rs10266424-C,3.0000000000000004e-08
AFF1,green eyes,rs1037814,rs1037814-T,4e-33
ZNF443,green eyes,rs10402252,rs10402252-G,1e-08
GPX1,green eyes,rs1050450,rs1050450-A,6e-11
PIGC,green eyes,rs1063412,rs1063412-G,3.0000000000000004e-08
RGS3,green eyes,rs10817493,rs10817493-C,5e-12
VWA7,green eyes,rs3101017,rs3101017-C,2e-35
EFCAB5,green eyes,rs3102560,rs3102560-C,1e-10
TIE1,green eyes,rs3120047,rs3120047-G,1e-10
RNF123,green eyes,rs2246832,rs2246832-T,1e-11
SLC15A2,green eyes,rs2257212,rs2257212-T,1e-12
SIM2,green eyes,rs2269188,rs2269188-C,2e-21
GLYCTK,green eyes,rs2276834,rs2276834-A,1e-09
DUS2,green eyes,rs2285912,rs2285912-T,9e-12
GPATCH2L,green eyes,rs2289833,rs2289833-A,7.000000000000001e-09
STK36,green eyes,rs2303566,rs2303566-A,1e-15
TTLL4,green eyes,rs2303566,rs2303566-A,1e-15
ZNF142,green eyes,rs2303566,rs2303566-A,1e-15
GYS2,green eyes,rs2306180,rs2306180-T,9.000000000000001e-09
VAV2,green eyes,rs2519796,rs2519796-A,7e-08
HLA-C,green eyes,rs2524081,rs2524081-C,2e-19
GANC,green eyes,rs2578652,rs2578652-A,8e-09
FTSJ3,green eyes,rs2584625,rs2584625-G,5e-12
BCL2L13,green eyes,rs2587070,rs2587070-G,1e-08
HLA-B,green eyes,rs2596493,rs2596493-A,5.0000000000000005e-37
OR2J2,green eyes,rs3129157,rs3129157-A,3e-33
GRAMD2,green eyes,rs2929511,rs2929511-C,1e-14
MYO9A,green eyes,rs2929511,rs2929511-C,1e-14
MYO9A,green eyes,rs2929511,rs2929511-C,1e-14
INTERGENIC2E3,green eyes,rs2929511,rs2929511-C,1e-14
INTERGENIC2E3,green eyes,rs2929511,rs2929511-C,1e-14
PKM,green eyes,rs2929511,rs2929511-C,1e-14
SENP8,green eyes,rs2929511,rs2929511-C,1e-14
PIEZO1,green eyes,rs2968478,rs2968478-T,7e-91
BRD2,green eyes,rs3097644,rs3097644-G,2e-08
ZBTB4,green eyes,rs34914463,rs34914463-C,4e-14
FGFR4,green eyes,rs351855,rs351855-A,2e-11
LPPR3,green eyes,rs351988,rs351988-A,9e-27
ASXL2,green eyes,rs35322542,rs35322542-AG,7e-13
KANSL1,green eyes,rs35643216,rs35643216-C,2e-56
RREB1,green eyes,rs35742417,rs35742417-A,2.9999999999999995e-21
ITIH3,green eyes,rs3617,rs3617-A,3e-11
SMIM1,green eyes,rs1181870,rs1181870-A,1e-28
HNF1A,green eyes,rs1182933,rs1182933-T,2e-23
DNAJA4,green eyes,rs11854322,rs11854322-C,1e-14
DNAJA4,green eyes,rs11854322,rs11854322-C,1e-14
WDR61,green eyes,rs11854322,rs11854322-C,1e-14
WDR61,green eyes,rs11854322,rs11854322-C,1e-14
AMPD3,green eyes,rs117706710,rs117706710-T,8e-15
TRMT61A,green eyes,rs12147596,rs12147596-C,2e-09
ARID1B,green eyes,rs12204990,rs12204990-C,1e-10
SUSD1,green eyes,rs12339388,rs12339388-T,1e-13
SPPL2C,green eyes,rs12373123,rs12373123-C,2e-61
FLVCR1,green eyes,rs12408694,rs12408694-C,1e-12
ZNF106,green eyes,rs12443246,rs12443246-G,1e-10
TP53INP1,green eyes,rs12548874,rs12548874-A,4e-16
ZNF641,green eyes,rs2732480,rs2732480-A,7e-49
TMC6,green eyes,rs2748427,rs2748427-G,3.0000000000000003e-13
SZT2,green eyes,rs2782643,rs2782643-T,2e-11
NDUFAF6,green eyes,rs2599713,rs2599713-C,1e-12
ASCC2,green eyes,rs28265,rs28265-G,8e-09
IPP,green eyes,rs28375469,rs28375469-C,2e-20
BCAS3,green eyes,rs28462342,rs28462342-C,1e-11
WBP1L,green eyes,rs284860,rs284860-T,1e-08
SHROOM3,green eyes,rs2870238,rs2870238-T,8e-25
SMAD7,green eyes,rs2878889,rs2878889-G,8e-19
EPB41L5,green eyes,rs28930677,rs28930677-T,1e-12
SLC20A2,green eyes,rs2923411,rs2923411-T,8e-26
SLC20A2,green eyes,rs2923411,rs2923411-T,8e-26
SMIM19,green eyes,rs2923411,rs2923411-T,8e-26
SMIM19,green eyes,rs2923411,rs2923411-T,8e-26
LCMT2,green eyes,rs3742970,rs3742970-A,3.0000000000000003e-13
PRRG2,green eyes,rs3745473,rs3745473-C,3.0000000000000003e-13
STARD13,green eyes,rs3742321,rs3742321-C,6e-11
OR12D3,green eyes,rs3749971,rs3749971-A,2e-38
TMEM116,green eyes,rs3752630,rs3752630-C,2e-53
PROX1,green eyes,rs3754140,rs3754140-C,1e-50
CPLX3,green eyes,rs3765066,rs3765066-G,1e-13
ULK3,green eyes,rs3765066,rs3765066-G,1e-13
ARHGEF3,green eyes,rs3772219,rs3772219-C,2e-28
ST5,green eyes,rs3794153,rs3794153-G,1e-20
TRPS1,green eyes,rs3808426,rs3808426-A,1e-14
TRIM58,green eyes,rs3811444,rs3811444-T,2e-24
ACVRL1,green eyes,rs3847858,rs3847858-T,7.000000000000001e-10
FBXL20,green eyes,rs397975200,rs397975200-TAAA,1e-11
GSTA1,green eyes,rs3996993,rs3996993-T,1e-20
GSTA2,green eyes,rs3996993,rs3996993-T,1e-20
GSTA5,green eyes,rs3996993,rs3996993-T,1e-20
AKIP1,green eyes,rs7945705,rs7945705-A,2e-22
ST5,green eyes,rs7945705,rs7945705-A,2e-22
TRAFD1,green eyes,rs79680080,rs79680080-C,1e-10
DNAJC13,green eyes,rs79953286,rs79953286-G,1e-10
TRPS1,green eyes,rs800911,rs800911-A,3e-14
IRS2,green eyes,rs80326876,rs80326876-T,1e-10
VMP1,green eyes,rs8067354,rs8067354-A,5.0000000000000005e-22
BCAS3,green eyes,rs8073894,rs8073894-T,1e-20
SHC1,green eyes,rs8191979,rs8191979-C,4e-23
VEGFA,green eyes,rs833070,rs833070-T,1e-50
UBD,green eyes,rs8337,rs8337-C,1e-19
SPEN,green eyes,rs848209,rs848209-T,3e-11
SPTA1,green eyes,rs857725,rs857725-G,3e-11
SLC9A3R2,green eyes,rs139491786,rs139491786-T,2e-12
HOXB1,green eyes,rs145570960,rs145570960-GGGGCGCTGTGGGCGCTGT,3e-16
TMEM176B,green eyes,rs146541367,rs146541367-A,2e-10
MAP1A,green eyes,rs147233090,rs147233090-T,8e-35
MITF,green eyes,rs149617956,rs149617956-A,3.0000000000000004e-09
BICC1,green eyes,rs150505258,rs150505258-?,4.9999999999999996e-06
LRRC37A,green eyes,rs155779,rs155779-A,1e-11
LRRC37A2,green eyes,rs155779,rs155779-A,1e-11
NSF,green eyes,rs155779,rs155779-A,1e-11
POM121L2,green eyes,rs16897515,rs16897515-A,2e-11
HK1,green eyes,rs16926246,rs16926246-T,1e-273
MITF,green eyes,rs17006441,rs17006441-A,2e-19
MAST2,green eyes,rs1707336,rs1707336-G,5e-27
RUNX1,green eyes,rs17227231,rs17227231-C,1e-12
MGC57346-CRHR1,green eyes,rs17563683,rs17563683-G,4e-61
SPPL2C,green eyes,rs17563683,rs17563683-G,4e-61
FADS1,green eyes,rs174533,rs174533-A,1e-28
FADS1,green eyes,rs174533,rs174533-A,1e-28
FEN1,green eyes,rs174533,rs174533-A,1e-28
FADS2,green eyes,rs174533,rs174533-A,1e-28
FEN1,green eyes,rs174533,rs174533-A,1e-28
MYRF,green eyes,rs174533,rs174533-A,1e-28
TMEM258,green eyes,rs174533,rs174533-A,1e-28
DHX38,green eyes,rs17666927,rs17666927-A,2e-08
PFKL,green eyes,rs17850433,rs17850433-C,1e-08
HFE,green eyes,rs1799945,rs1799945-G,2e-224
FANCA,green eyes,rs1800282,rs1800282-T,2e-11
HNF4A,green eyes,rs1800961,rs1800961-T,5.999999999999999e-24
MC1R,green eyes,rs1805008,rs1805008-T,2e-10
SLC39A8,green eyes,rs1813006,rs1813006-T,1e-17
EGLN2,green eyes,rs184088518,rs184088518-T,1e-41
ZCWPW1,green eyes,rs184562466,rs184562466-T,2e-26
LRRC37A,green eyes,rs1863114,rs1863114-C,2e-50
ING5,green eyes,rs6751972,rs6751972-A,2e-09
UGT8,green eyes,rs6841433,rs6841433-G,3.0000000000000004e-09
ACHE,green eyes,rs6942607,rs6942607-G,1e-09
SRRT,green eyes,rs6942607,rs6942607-G,1e-09
ZNF12,green eyes,rs6967414,rs6967414-A,6e-07
ZKSCAN1,green eyes,rs6972742,rs6972742-T,5e-18
HLA-E,green eyes,rs1264457,rs1264457-G,4e-11
GPRC5A,green eyes,rs12811512,rs12811512-T,8e-23
CLDN14,green eyes,rs128494,rs128494-T,4e-28
MPDU1,green eyes,rs10852891,rs10852891-A,4e-09
PRRC2A,green eyes,rs10885,rs10885-T,2e-36
UVRAG,green eyes,rs10899133,rs10899133-T,3.0000000000000004e-09
ALDH2,green eyes,rs11065987,rs11065987-G,6e-135
XPO5,green eyes,rs1106841,rs1106841-C,1e-09
UBE2Q2,green eyes,rs11072567,rs11072567-A,3e-41
GYPC,green eyes,rs111631066,rs111631066-A,3.0000000000000004e-08
EPB41,green eyes,rs111642750,rs111642750-A,1e-09
FAM35A,green eyes,rs11202365,rs11202365-T,3e-10
NSF,green eyes,rs112396911,rs112396911-AGT,3e-52
SLC7A6OS,green eyes,rs11350,rs11350-C,1e-10
SMPD3,green eyes,rs11350,rs11350-C,1e-10
RGS3,green eyes,rs113797410,rs113797410-T,4e-11
IQCB1,green eyes,rs1141528,rs1141528-T,8e-09
NCOA7,green eyes,rs4897160,rs4897160-A,2e-11
MRVI1,green eyes,rs4909945,rs4909945-T,1e-09
ATP5O,green eyes,rs4842,rs4842-C,4e-15
ATP2B4,green eyes,rs4951074,rs4951074-A,4e-30
ABO,green eyes,rs495828,rs495828-T,1e-124
SLC4A1,green eyes,rs5036,rs5036-C,2e-17
HBA1,green eyes,rs530159671,rs530159671-A,2e-16
HBQ1,green eyes,rs530159671,rs530159671-A,2e-16
EGLN1,green eyes,rs533281866,rs533281866-C,8e-44
HEATR4,green eyes,rs544453779,rs544453779-T,9e-14
NYAP1,green eyes,rs546810441,rs546810441-A,5e-82
DNM3,green eyes,rs554019,rs554019-T,6.999999999999999e-19
MAP1A,green eyes,rs55707100,rs55707100-T,4e-36
RGS14,green eyes,rs56235845,rs56235845-G,6.999999999999999e-16
NPRL3,green eyes,rs570013781,rs570013781-A,2e-10
KLHL29,green eyes,rs56262900,rs56262900-A,3e-12
PXK,green eyes,rs56384862,rs56384862-G,1e-16
KCNN4,green eyes,rs563995,rs563995-A,2e-16
CEP164,green eyes,rs573455,rs573455-A,6.999999999999999e-11
TMPRSS6,green eyes,rs5756504,rs5756504-T,9e-173
A4GALT,green eyes,rs5758896,rs5758896-T,2e-31
CCDC117,green eyes,rs5762813,rs5762813-T,3e-19
XBP1,green eyes,rs5762813,rs5762813-T,3e-19
ZINTERGENICF3,green eyes,rs5762813,rs5762813-T,3e-19
DOT1L,green eyes,rs57908212,rs57908212-C,2e-39
SMAD6,green eyes,rs57989199,rs57989199-G,1e-13
TFRC,green eyes,rs58365266,rs58365266-T,1e-09
COL26A1,green eyes,rs58441332,rs58441332-G,1e-10
TM6SF2,green eyes,rs58542926,rs58542926-T,2e-10
SBF2,green eyes,rs59901009,rs59901009-C,1e-54
CDK10,green eyes,rs447735,rs447735-C,3e-22
CHMP1A,green eyes,rs447735,rs447735-C,3e-22
CHMP1A,green eyes,rs447735,rs447735-C,3e-22
DPEP1,green eyes,rs447735,rs447735-C,3e-22
DPEP1,green eyes,rs447735,rs447735-C,3e-22
SPATA2L,green eyes,rs447735,rs447735-C,3e-22
SPATA33,green eyes,rs447735,rs447735-C,3e-22
SLC12A7,green eyes,rs4580814,rs4580814-T,2e-08
GALNT2,green eyes,rs4631704,rs4631704-C,3e-10
SLC17A4,green eyes,rs4712970,rs4712970-A,3e-70
PFKM,green eyes,rs4760682,rs4760682-C,5e-61
PHGDH,green eyes,rs477992,rs477992-A,1e-10
SALL1,green eyes,rs4785505,rs4785505-C,1e-09
PFAS,green eyes,rs4791641,rs4791641-T,1e-12
ZYG11A,green eyes,rs480299,rs480299-G,3e-12
FBLN1,green eyes,rs4823308,rs4823308-A,2e-25
FAM65C,green eyes,rs6020624,rs6020624-A,1e-08
ANKRD11,green eyes,rs60520302,rs60520302-G,6e-10
FUT2,green eyes,rs601338,rs601338-G,3.0000000000000004e-09
MUC12,green eyes,rs60826346,rs60826346-C,1e-19
CBFA2T3,green eyes,rs61734177,rs61734177-G,1e-09
OR2B2,green eyes,rs61742093,rs61742093-G,1e-44
ULK4,green eyes,rs61744388,rs61744388-T,2e-08
CES4A,green eyes,rs61744399,rs61744399-C,5e-09
TSPAN32,green eyes,rs61744929,rs61744929-C,2e-08
FCGR3B,green eyes,rs61804164,rs61804164-C,8e-24
MAPT,green eyes,rs62063786,rs62063786-A,1e-61
WNT7B,green eyes,rs62228060,rs62228060-A,5e-40
ZNF322,green eyes,chr6:26637496,chr6:26637496-C,2.9999999999999996e-49
ACO1,green eyes,chr9:32429450,chr9:32429450-A,5.0000000000000005e-25
PLCG1,green eyes,rs753381,rs753381-C,2e-07
PSD4,green eyes,rs7560180,rs7560180-T,7e-30
MTX1,green eyes,rs760077,rs760077-A,2.9999999999999998e-36
TRIM4,green eyes,rs766007111,rs766007111-C,1e-13
KLF7,green eyes,rs768090,rs768090-A,4e-12
ABCA5,green eyes,rs77262773,rs77262773-T,4e-28
LMTK2,green eyes,rs773235052,rs773235052-C,1e-13
ABCA6,green eyes,rs77542162,rs77542162-G,5.9999999999999996e-36
C6ORF10,green eyes,rs7775397,rs7775397-G,1e-35
IER5L,green eyes,rs7849270,rs7849270-A,1e-09
HLA-A,green eyes,rs79361534,rs79361534-A,1e-36
MOG,green eyes,rs3130253,rs3130253-A,1e-44
DPCR1,green eyes,rs3132580,rs3132580-A,3e-34
ATP13A2,green eyes,rs3170740,rs3170740-C,2e-09
SH2B3,green eyes,rs3184504,rs3184504-T,3e-175
PGBD1,green eyes,rs33932084,rs33932084-G,1e-44
AFF1,green eyes,rs34077745,rs34077745-T,1e-11
SPECC1,green eyes,rs34148222,rs34148222-ACTT,1e-10
CDSN,green eyes,rs34182778,rs34182778-G,4.999999999999999e-44
AHRR,green eyes,rs34453673,rs34453673-C,6e-12
RNF43,green eyes,rs34523089,rs34523089-T,2e-10
RNF123,green eyes,rs34614773,rs34614773-T,6e-12
ANK1,green eyes,rs34664882,rs34664882-A,6e-14
GRAMD2,green eyes,rs34815962,rs34815962-T,9e-10
PPARG,green eyes,rs4073770,rs4073770-T,2e-23
HIST1H4G,green eyes,rs41266821,rs41266821-G,5.999999999999999e-44
BTN3A1,green eyes,rs41266839,rs41266839-C,4e-52
HMGA1,green eyes,rs41269028,rs41269028-T,3e-10
ACAD11,green eyes,rs41272321,rs41272321-G,4.9999999999999995e-11
ABCC6,green eyes,rs41278174,rs41278174-A,9e-14
TTC28,green eyes,rs41278845,rs41278845-C,3.0000000000000004e-08
STKLD1,green eyes,rs41302673,rs41302673-G,2e-47
TUBB1,green eyes,rs415064,rs415064-C,6e-12
SHKBP1,green eyes,rs418007,rs418007-C,1e-10
SPTBN4,green eyes,rs418007,rs418007-C,1e-10
ZBED9,green eyes,rs442439,rs442439-A,1e-17
UBE2Q2,green eyes,rs2047866,rs2047866-C,4e-35
SLC17A2,green eyes,rs2071299,rs2071299-A,2e-146
TAP2,green eyes,rs2071466,rs2071466-T,1e-24
TRIM27,green eyes,rs209126,rs209126-T,6e-27
GSTA2,green eyes,rs2180314,rs2180314-C,2e-16
VLDLR,green eyes,rs2219143,rs2219143-A,7e-22
INHBC,green eyes,rs2229357,rs2229357-A,4e-14
SRGN,green eyes,rs2229498,rs2229498-G,2e-08
INTERGENICIP1,green eyes,rs2229742,rs2229742-C,1e-11
PTPN13,green eyes,rs2230600,rs2230600-G,1e-08
NASP,green eyes,rs2230657,rs2230657-G,5.999999999999999e-24
INS-IGF2,green eyes,rs2239681,rs2239681-A,2e-08
ZC3H4,green eyes,rs2241388,rs2241388-T,3.0000000000000002e-15
ESR2,green eyes,rs1256061,rs1256061-T,2e-23
ACD,green eyes,rs6979,rs6979-G,1e-11
TPD52L3,green eyes,rs7025665,rs7025665-C,3.0000000000000004e-09
ACO1,green eyes,rs7045087,rs7045087-C,3e-11
DDX58,green eyes,rs7045087,rs7045087-C,3e-11
CHURC1-FNTB,green eyes,rs7155275,rs7155275-C,1e-11
FNTB,green eyes,rs7155275,rs7155275-C,1e-11
MAX,green eyes,rs7155275,rs7155275-C,1e-11
UBXN2A,green eyes,rs72781665,rs72781665-A,1e-10
SBF2,green eyes,rs72855633,rs72855633-G,1e-28
FBXO21,green eyes,rs7313745,rs7313745-A,1e-11
EPO,green eyes,rs62483572,rs62483572-A,2e-73
GNB2,green eyes,rs62482253,rs62482253-A,2e-71
GLIS3,green eyes,rs6415788,rs6415788-G,3e-22
HEG1,green eyes,rs6438869,rs6438869-A,3.0000000000000004e-08
GMPR,green eyes,rs6459467,rs6459467-A,8e-21
DENND4A,green eyes,rs6494537,rs6494537-T,3e-11
DPP8,green eyes,rs6494537,rs6494537-T,3e-11
HACD3,green eyes,rs6494537,rs6494537-T,3e-11
SLC24A1,green eyes,rs6494537,rs6494537-T,3e-11
PDE7B,green eyes,rs6570048,rs6570048-C,1e-11
DCDC5,green eyes,rs662735,rs662735-T,7e-20
PROX1,green eyes,rs6665764,rs6665764-A,2e-50
NT5DC2,green eyes,rs66782572,rs66782572-A,2e-14
OSMR,green eyes,rs66826727,rs66826727-A,1e-09
AK1,green eyes,rs67145503,rs67145503-A,4e-34
HLA-DQA1,green eyes,rs1142323,rs1142323-G,8e-51
FGF5,green eyes,rs11437847,rs11437847-CTT,1e-10
C12ORF54,green eyes,rs11458,rs11458-C,3e-11
TNXB,green eyes,rs1150752,rs1150752-C,7e-35
ZC3HC1,green eyes,rs11556924,rs11556924-T,8e-12
KLC4,green eyes,rs11558979,rs11558979-A,1e-09
GMDS,green eyes,rs115986297,rs115986297-A,2e-22
CCDC63,green eyes,rs11612727,rs11612727-C,1e-10
ILKAP,green eyes,rs11689193,rs11689193-C,3.0000000000000004e-09
TFCP2L1,green eyes,rs11689538,rs11689538-C,4e-23
PXK,green eyes,rs11719450,rs11719450-T,2e-16
PBRM1,green eyes,rs11719685,rs11719685-T,2e-10
AKR1C4,green eyes,rs117310669,rs117310669-G,1e-11
EXOC3,green eyes,rs11749327,rs11749327-A,3e-11
CTBP2,green eyes,rs75066758,rs75066758-G,1e-10
FRMD5,green eyes,rs112441486,rs112441486-CTATT,8e-13
PKLR,green eyes,rs61755431,rs61755431-T,1e-06
TRF2,green eyes,rs139178017,rs139178017-T,3e-06
C4ORF36,green eyes,rs28664715,rs28664715-T,4e-06
EPO,green eyes,rs62483572,rs62483572-A,3.0000000000000004e-08
MNS1,green eyes,rs35812910,rs35812910-?,2e-08
TEX9,green eyes,rs35812910,rs35812910-?,2e-08
MECOM,green eyes,rs9809961,rs9809961-?,5e-07
HBB,green eyes,rs11549407,rs11549407-A,2e-12
PRKCE,green eyes,rs3768751,rs3768751-G,2e-08
AFF1,green eyes,rs4693156,rs4693156-G,9e-07
TMPRSS6,green eyes,rs5756505,rs5756505-C,3.0000000000000003e-13
CCDC12,green eyes,rs4683294,rs4683294-C,8e-10
NT5DC2,green eyes,rs66782572,rs66782572-G,2e-18
ULK4,green eyes,rs190379045,rs190379045-A,6.999999999999999e-11
ARHGEF3,green eyes,rs2029466,rs2029466-T,5.9999999999999996e-36
MITF,green eyes,rs17006441,rs17006441-A,3.0000000000000002e-25
RP11-460N16.1,green eyes,rs190948281,rs190948281-C,1e-09
SLC15A2,green eyes,rs35943712,rs35943712-A,2e-13
DNAJC13,green eyes,rs137893155,rs137893155-GTTATT,2e-11
ZBTB38,green eyes,rs4683603,rs4683603-T,3e-11
MECOM,green eyes,rs988397,rs988397-T,1e-17
RP11-408H1.3,green eyes,rs532782761,rs532782761-C,1e-10
PRDM16,green eyes,rs10909942,rs10909942-G,1e-12
SMIM1,green eyes,rs1175550,rs1175550-G,2e-33
PGD,green eyes,rs12119893,rs12119893-A,3e-11
DHRS3,green eyes,rs12136952,rs12136952-C,3e-12
CELA2B,green eyes,rs6667862,rs6667862-T,5e-10
CLCNKB,green eyes,rs140307022,rs140307022-AGCTCT,5.0000000000000005e-22
RP11-5P18.10,green eyes,rs140307022,rs140307022-AGCTCT,5.0000000000000005e-22
LEPR,green eyes,rs6690625,rs6690625-G,4e-12
ELTD1,green eyes,rs12129889,rs12129889-T,2e-09
PHGDH,green eyes,rs483180,rs483180-G,3e-11
TDRKH,green eyes,rs6679233,rs6679233-C,3.0000000000000004e-09
ZBTB7B,green eyes,rs113405739,rs113405739-G,9e-24
MTX1,green eyes,rs760077,rs760077-T,9e-44
PKLR,green eyes,rs113403872,rs113403872-T,2e-12
PKLR,green eyes,rs116100695,rs116100695-A,1e-19
OR6P1,green eyes,rs12045893,rs12045893-T,3e-11
FCGR3A,green eyes,rs55971447,rs55971447-T,4e-17
FCGR2B,green eyes,rs17413015,rs17413015-T,7e-12
DNM3,green eyes,rs2209098,rs2209098-C,4e-19
RUNX1,green eyes,rs8133974,rs8133974-T,3e-12
AP000695.6,green eyes,rs128494,rs128494-C,5e-35
CLDN14,green eyes,rs128494,rs128494-C,5e-35
AP000695.4,green eyes,rs128494,rs128494-C,5e-35
SIM2,green eyes,rs116948941,rs116948941-G,1e-09
HLCS,green eyes,rs12481910,rs12481910-C,2e-11
ERG,green eyes,rs2226683,rs2226683-C,8e-11
PDE9A,green eyes,rs11405520,rs11405520-AG,4e-12
PFKL,green eyes,rs17850433,rs17850433-C,8e-11
UBE2L3,green eyes,rs181361,rs181361-T,4.9999999999999995e-11
CTA-292E10.6,green eyes,rs5762813,rs5762813-T,9e-25
MTMR3,green eyes,rs9614123,rs9614123-G,1e-15
MYH9,green eyes,rs5995288,rs5995288-C,2e-14
TMPRSS6,green eyes,rs881144,rs881144-A,4e-15
TMPRSS6,green eyes,rs855791,rs855791-G,0.0
C1ORF105,green eyes,rs66533066,rs66533066-G,6.999999999999999e-11
DARS2,green eyes,rs3791020,rs3791020-A,5e-09
LAMC1,green eyes,rs34099733,rs34099733-C,2e-10
RP11-16L9.4,green eyes,rs1434282,rs1434282-T,2e-25
NR5A2,green eyes,rs2816916,rs2816916-G,1e-09
ATP2B4,green eyes,rs2228445,rs2228445-C,8e-29
PLEKHA6,green eyes,rs10900568,rs10900568-C,6e-11
KCNH1,green eyes,rs11119633,rs11119633-C,5e-10
RP11-15I11.3,green eyes,rs1472226,rs1472226-A,9e-10
FLVCR1,green eyes,rs10864013,rs10864013-T,7.000000000000001e-10
RP11-323I1.1,green eyes,rs10494964,rs10494964-C,1e-24
PROX1,green eyes,rs3754140,rs3754140-C,1e-61
ESRRG,green eyes,rs7532370,rs7532370-T,2e-13
GALNT2,green eyes,rs11122450,rs11122450-G,2e-11
AC090505.6,green eyes,rs9823829,rs9823829-A,8e-18
TFRC,green eyes,rs4927705,rs4927705-A,3e-12
AC117490.2,green eyes,rs35790189,rs35790189-G,3.0000000000000004e-09
RP11-380P13.1,green eyes,rs16874060,rs16874060-G,8e-22
PPARGC1A,green eyes,rs2970876,rs2970876-G,1e-10
FRYL,green eyes,rs13127730,rs13127730-T,1e-11
SHROOM3,green eyes,rs2870238,rs2870238-T,2e-37
FRAS1,green eyes,rs186222325,rs186222325-T,7.000000000000001e-10
AFF1,green eyes,rs28432336,rs28432336-G,3.0000000000000003e-46
PADI2,green eyes,rs2647187,rs2647187-C,8e-11
LINC01141,green eyes,rs55761633,rs55761633-C,4.9999999999999995e-11
AUNIP,green eyes,rs550369338,rs550369338-A,6e-12
SRSF4,green eyes,rs113292219,rs113292219-T,1e-12
MFSD2A,green eyes,rs140696582,rs140696582-T,5.000000000000001e-15
MAST2,green eyes,rs9429088,rs9429088-A,1e-32
RP4-666O22.3,green eyes,rs6665323,rs6665323-C,3e-11
ZYG11A,green eyes,rs575138,rs575138-G,2e-14
ZNF106,green eyes,rs1900920,rs1900920-T,4e-09
TP53BP1,green eyes,rs150844304,rs150844304-C,2e-35
VPS18,green eyes,rs117900708,rs117900708-G,5e-09
CGNL1,green eyes,rs7168958,rs7168958-C,9e-11
ALDH1A2,green eyes,rs261291,rs261291-C,2e-17
LIPC,green eyes,rs2070895,rs2070895-A,2e-19
ALDH1A2,green eyes,rs2070895,rs2070895-A,2e-19
RORA,green eyes,rs553725343,rs553725343-AT,6.0000000000000005e-15
TPM1,green eyes,rs34798274,rs34798274-C,4e-09
RAB11A,green eyes,rs7497961,rs7497961-G,1e-12
DENND4A,green eyes,rs7497961,rs7497961-G,1e-12
RP11-321F6.1,green eyes,rs4776806,rs4776806-C,2e-10
RP11-321F6.1,green eyes,rs8030097,rs8030097-G,8e-14
SMAD6,green eyes,rs5813399,rs5813399-CT,1e-09
FEM1B,green eyes,rs7174574,rs7174574-C,7.000000000000001e-10
ITGA1,green eyes,rs60925406,rs60925406-C,1e-10
AC022431.2,green eyes,rs464605,rs464605-T,3.0000000000000002e-18
TNPO1,green eyes,rs34651,rs34651-T,2e-17
MEF2C,green eyes,rs165944,rs165944-T,2e-10
NREP-AS1,green eyes,rs35765401,rs35765401-AC,7e-13
CTC-228N24.1,green eyes,rs9327454,rs9327454-G,9e-13
KLHL3,green eyes,rs2905582,rs2905582-C,1e-10
HTR4,green eyes,rs4554203,rs4554203-A,3.0000000000000004e-09
AC008706.1,green eyes,rs543307500,rs543307500-A,6.000000000000001e-13
RGS14,green eyes,rs4075958,rs4075958-A,1e-27
TMPRSS6,green eyes,rs137853120,rs137853120-T,2e-14
TMPRSS6,green eyes,rs228917,rs228917-C,5.0000000000000005e-25
MAFF,green eyes,rs139551207,rs139551207-C,7.000000000000001e-10
FAM227A,green eyes,rs5750644,rs5750644-T,2e-11
CBX7,green eyes,rs139384,rs139384-T,7e-12
A4GALT,green eyes,rs8138197,rs8138197-A,1e-36
PNPLA3,green eyes,rs738409,rs738409-G,4e-38
CTA-941F9.9,green eyes,rs4823309,rs4823309-T,7.000000000000001e-32
WNT7B,green eyes,rs75792643,rs75792643-T,2e-37
CXORF23,green eyes,rs5955867,rs5955867-C,4e-10
SLC9A7,green eyes,rs5906256,rs5906256-T,1e-14
FAAH2,green eyes,rs12688558,rs12688558-G,2.9999999999999997e-20
HIVEP2,green eyes,rs9791312,rs9791312-C,1e-09
QKI,green eyes,rs74960997,rs74960997-G,2e-10
PDE10A,green eyes,rs2983533,rs2983533-G,3e-12
PDE10A,green eyes,rs2934849,rs2934849-C,2e-10
PRKAR1B,green eyes,rs35750745,rs35750745-CA,4e-23
PMS2CL,green eyes,rs6967414,rs6967414-A,4e-11
ZNF12,green eyes,rs6967414,rs6967414-A,4e-11
IKZF1,green eyes,rs12718730,rs12718730-A,3.0000000000000004e-09
CD36,green eyes,rs3212018,rs3212018-A,4.9999999999999995e-11
LRRD1,green eyes,rs6465351,rs6465351-C,5e-19
CTB-161K23.1,green eyes,rs6465351,rs6465351-C,5e-19
PILRB,green eyes,rs140966444,rs140966444-T,4e-28
POP7,green eyes,rs11772705,rs11772705-C,2.9999999999999997e-29
TFR2,green eyes,rs41295942,rs41295942-T,2e-15
TFR2,green eyes,rs531909210,rs531909210-A,2e-25
RNU6-842P,green eyes,rs9969563,rs9969563-T,2e-09
NRG1,green eyes,rs2466076,rs2466076-T,3e-10
ANK1,green eyes,rs72638978,rs72638978-C,8e-14
SMIM19,green eyes,rs56267269,rs56267269-T,1e-33
PRKDC,green eyes,rs112391082,rs112391082-G,5e-10
CA8,green eyes,rs11345369,rs11345369-T,1e-10
NDUFAF6,green eyes,rs10956934,rs10956934-A,2.9999999999999997e-29
TRPS1,green eyes,rs12056626,rs12056626-G,6e-19
TRPS1,green eyes,rs2737263,rs2737263-T,1e-11
PVT1,green eyes,rs9649959,rs9649959-G,5.0000000000000005e-17
PVT1,green eyes,rs2720659,rs2720659-A,3.0000000000000003e-13
RP5-1120P11.1,green eyes,rs833805,rs833805-G,2e-72
TFAP2B,green eyes,chr6:50791584,chr6:50791584-C,2e-14
PKHD1,green eyes,rs9296668,rs9296668-G,2e-10
GSTA1,green eyes,rs2894802,rs2894802-G,6e-26
HDDC2,green eyes,rs112982980,rs112982980-G,3e-17
NCOA7,green eyes,rs4897160,rs4897160-A,6e-11
RSPO3,green eyes,rs9482771,rs9482771-C,4e-24
L3MBTL3,green eyes,rs12661188,rs12661188-C,2.9999999999999996e-24
HBS1L,green eyes,rs1331308,rs1331308-C,9.000000000000001e-17
HBS1L,green eyes,rs7775698,rs7775698-T,2e-106
GLIS3,green eyes,rs6415788,rs6415788-T,9e-26
VLDLR,green eyes,rs34881325,rs34881325-T,8e-26
MLLT3,green eyes,rs17685306,rs17685306-G,2e-09
ACO1,green eyes,rs41305321,rs41305321-T,2e-13
ACO1,green eyes,rs3780474,rs3780474-G,1e-18
B4GALT1,green eyes,rs12352863,rs12352863-C,1e-10
GADD45G,green eyes,rs7040995,rs7040995-G,5e-10
SUSD1,green eyes,rs4979080,rs4979080-C,4e-10
SUSD1,green eyes,rs7849537,rs7849537-C,4e-12
RP11-168K11.2,green eyes,rs10981834,rs10981834-C,8.999999999999999e-20
RGS3,green eyes,rs10981834,rs10981834-C,8.999999999999999e-20
MPRIP,green eyes,rs5819600,rs5819600-AG,2e-09
SPECC1,green eyes,rs1860302,rs1860302-A,6e-10
FAM222B,green eyes,rs9303620,rs9303620-C,1e-16
SSH2,green eyes,rs8073217,rs8073217-C,2e-09
DUSP14,green eyes,rs865483,rs865483-C,1e-09
PPP1R1B,green eyes,rs1495099,rs1495099-G,9e-19
SLC4A1,green eyes,rs13306780,rs13306780-C,1e-14
SLC4A1,green eyes,rs2854528,rs2854528-G,2e-09
AC003043.1,green eyes,rs2854528,rs2854528-G,2e-09
RP11-259G18.3,green eyes,rs2950015,rs2950015-G,6e-48
WNT3,green eyes,rs8069437,rs8069437-C,6.0000000000000005e-15
HOXB3,green eyes,rs12952262,rs12952262-T,2e-14
HOXB6,green eyes,rs12952262,rs12952262-T,2e-14
GIP,green eyes,rs3809770,rs3809770-G,7.000000000000001e-09
FADS1,green eyes,rs174560,rs174560-C,4e-38
SPI1,green eyes,rs3740689,rs3740689-A,2e-12
PGM2L1,green eyes,rs10898979,rs10898979-T,2e-09
RP11-632K5.3,green eyes,rs10898979,rs10898979-T,2e-09
RN7SL786P,green eyes,rs499974,rs499974-A,2e-13
MAML2,green eyes,rs12800440,rs12800440-T,8e-10
ATP5L,green eyes,rs4456287,rs4456287-C,3e-12
CACNA1C,green eyes,rs35124400,rs35124400-T,4e-35
ETV6,green eyes,rs139273519,rs139273519-C,1e-10
GYS2,green eyes,rs10770829,rs10770829-C,6e-11
ARID2,green eyes,rs1863127,rs1863127-C,4e-12
RP1-228P16.3,green eyes,rs78374304,rs78374304-A,3.0000000000000003e-13
SENP1,green eyes,rs75224897,rs75224897-C,4e-14
PFKM,green eyes,rs4760682,rs4760682-A,3e-45
ACVRL1,green eyes,rs3847858,rs3847858-T,6e-10
RP11-753H16.3,green eyes,rs5798300,rs5798300-AGT,2e-09
RP11-753H16.5,green eyes,rs5798300,rs5798300-AGT,2e-09
R3HDM2,green eyes,rs540730,rs540730-C,6e-19
RP11-439H13.2,green eyes,rs7956653,rs7956653-G,3.0000000000000004e-09
CORO1C,green eyes,rs1558801,rs1558801-C,5e-09
RP11-689B22.2,green eyes,rs1558801,rs1558801-C,5e-09
GLTP,green eyes,rs12423752,rs12423752-C,8e-10
SH2B3,green eyes,rs3184504,rs3184504-C,6.0000000000000005e-117
SH2B3,green eyes,rs72650673,rs72650673-A,2.9999999999999995e-21
RP11-686G8.2,green eyes,rs10849962,rs10849962-G,4e-13
FBXO21,green eyes,rs78968605,rs78968605-T,4e-12
HBM,green eyes,rs531302321,rs531302321-G,2e-12
HBZ,green eyes,rs531302321,rs531302321-G,2e-12
HBZP1,green eyes,rs7194649,rs7194649-A,7e-20
HBA1,green eyes,rs532398216,rs532398216-A,1e-24
HBQ1,green eyes,rs532398216,rs532398216-A,1e-24
LA16C-OS12.2,green eyes,rs532398216,rs532398216-A,1e-24
Y_RNA,green eyes,rs532398216,rs532398216-A,1e-24
SLC9A3R2,green eyes,rs139491786,rs139491786-T,5e-19
MGRN1,green eyes,rs3859158,rs3859158-A,1e-09
ABCC6,green eyes,rs41278174,rs41278174-A,3.0000000000000002e-15
TBX6,green eyes,rs3809627,rs3809627-A,1e-22
SALL1,green eyes,rs116971887,rs116971887-T,5e-09
SALL1,green eyes,rs34678368,rs34678368-G,2e-12
TOX3,green eyes,rs117469893,rs117469893-G,5e-09
PSKH1,green eyes,rs55781197,rs55781197-G,5e-27
NFAT5,green eyes,rs56374617,rs56374617-A,3e-10
TXNL4B,green eyes,rs77303550,rs77303550-T,2e-19
ENOX2,green eyes,rs142456437,rs142456437-C,7.000000000000001e-09
LINC00894,green eyes,rs149518483,rs149518483-A,1e-19
RP1-218B13.1,green eyes,rs35062406,rs35062406-CT,3e-14
MAMLD1,green eyes,rs6627226,rs6627226-G,6e-10
DYNC2LI1,green eyes,rs3765000,rs3765000-G,7e-12
PRKCE,green eyes,rs4953256,rs4953256-C,7e-12
PRKCE,green eyes,rs588206,rs588206-C,1e-10
PRKCE,green eyes,rs2122113,rs2122113-C,3e-22
PRKCE,green eyes,rs114948639,rs114948639-T,1e-27
PRKCE,green eyes,rs1868274,rs1868274-G,7e-12
PRKCE,green eyes,rs17799476,rs17799476-G,1e-53
PRKCE,green eyes,rs10168349,rs10168349-C,2e-237
PRKCE,green eyes,rs6724315,rs6724315-C,2e-16
EPAS1,green eyes,rs4953348,rs4953348-G,7.000000000000001e-10
TSPAN32,green eyes,rs61744929,rs61744929-C,3e-10
STIM1,green eyes,rs142720800,rs142720800-C,9e-10
TH,green eyes,rs7482510,rs7482510-G,7e-14
DCHS1,green eyes,rs937851,rs937851-G,2e-09
ST5,green eyes,rs34723331,rs34723331-T,8e-14
ST5,green eyes,rs76506961,rs76506961-AAAT,4.9999999999999995e-11
SBF2,green eyes,rs368417629,rs368417629-T,2e-33
SBF2,green eyes,rs117793618,rs117793618-G,1e-09
AMPD3,green eyes,rs183113788,rs183113788-A,1e-09
AMPD3,green eyes,rs117706710,rs117706710-T,1e-12
MRVI1,green eyes,rs1544861,rs1544861-C,4e-17
ARNTL,green eyes,rs11022762,rs11022762-T,1e-15
SOX6,green eyes,rs1949481,rs1949481-T,6.000000000000001e-09
BDNF,green eyes,rs11030099,rs11030099-A,1e-09
ABO,green eyes,rs13299342,rs13299342-A,3e-17
ABO,green eyes,rs8176749,rs8176749-T,7e-63
DOLPP1,green eyes,rs10819461,rs10819461-T,8e-11
ABO,green eyes,rs2519093,rs2519093-T,1e-180
RP11-184A2.3,green eyes,rs10904089,rs10904089-T,3.0000000000000003e-13
AKR1C4,green eyes,rs1831977,rs1831977-G,4.9999999999999995e-11
BEND7,green eyes,rs2399972,rs2399972-C,2e-12
FRMD4A,green eyes,rs11258533,rs11258533-T,1e-15
CXCL12,green eyes,rs10900027,rs10900027-A,5e-19
RP11-285G1.2,green eyes,rs2281841,rs2281841-C,1e-12
TMEM72-AS1,green eyes,rs2281841,rs2281841-C,1e-12
GDF2,green eyes,rs34130368,rs34130368-T,5e-12
BICC1,green eyes,rs112597538,rs112597538-C,1e-15
SLC16A9,green eyes,rs1171615,rs1171615-T,1e-09
HKDC1,green eyes,rs5785906,rs5785906-C,2e-17
HK1,green eyes,rs17476364,rs17476364-C,0.0
C10ORF11,green eyes,rs543893408,rs543893408-TA,3e-11
AP006285.7,green eyes,rs34295474,rs34295474-A,5e-10
METRNL,green eyes,rs4986080,rs4986080-A,3e-12
IMPA2,green eyes,rs7244849,rs7244849-G,7.000000000000001e-10
SLC16A3,green eyes,rs79034755,rs79034755-T,8e-10
SPIRE1,green eyes,rs34933611,rs34933611-C,5e-09
PTPN2,green eyes,rs559406,rs559406-T,9e-16
SLC14A2,green eyes,rs8090126,rs8090126-C,1e-11
RP11-749H17.1,green eyes,rs2612585,rs2612585-G,4.9999999999999995e-11
SLC14A2,green eyes,rs2612585,rs2612585-G,4.9999999999999995e-11
C18ORF25,green eyes,rs3842397,rs3842397-C,2e-12
CTIF,green eyes,rs78415359,rs78415359-A,2e-19
RP11-426J5.2,green eyes,rs78415359,rs78415359-A,2e-19
CTIF,green eyes,rs12607403,rs12607403-T,2e-13
SMAD7,green eyes,rs2337106,rs2337106-G,2e-20
ATP8B1,green eyes,rs11543269,rs11543269-T,1e-12
PTBP1,green eyes,rs123698,rs123698-C,4e-24
PTBP1,green eyes,rs13169,rs13169-G,2e-13
MIDN,green eyes,rs1076230,rs1076230-G,3e-10
EGLN1,green eyes,rs999010,rs999010-G,2e-25
SPRTN,green eyes,rs999010,rs999010-G,2e-25
EGLN1,green eyes,rs61835223,rs61835223-G,3e-48
TTC13,green eyes,rs11122174,rs11122174-T,1e-10
TRIM58,green eyes,rs3811444,rs3811444-T,4e-24
AC096559.1,green eyes,rs2255293,rs2255293-C,7.000000000000001e-10
KLHL29,green eyes,rs56262900,rs56262900-A,3e-16
AC010150.2,green eyes,rs35190411,rs35190411-C,9e-12
AC109829.1,green eyes,rs202049562,rs202049562-A,1e-16
AC097724.3,green eyes,rs13028787,rs13028787-T,7.000000000000001e-10
AC007246.3,green eyes,rs734663,rs734663-C,3e-10
PKDCC,green eyes,rs2424,rs2424-A,2e-10
THADA,green eyes,rs10171620,rs10171620-T,4e-19
HCP5,green eyes,rs2516470,rs2516470-C,4e-13
NOTCH4,green eyes,rs2849017,rs2849017-G,2e-10
HLA-DRB1,green eyes,rs9270475,rs9270475-T,2e-31
PNPLA1,green eyes,rs9380559,rs9380559-G,3.0000000000000003e-13
TTBK1,green eyes,rs145606348,rs145606348-G,2e-13
VEGFA,green eyes,rs833061,rs833061-T,1e-27
VEGFA,green eyes,rs998584,rs998584-A,4e-24
RP11-661C8.2,green eyes,rs144352333,rs144352333-G,3e-11
SLC12A7,green eyes,rs7703616,rs7703616-T,1e-14
RAI14,green eyes,rs464499,rs464499-G,7e-15
OSMR,green eyes,rs357282,rs357282-T,3e-14
WWOX,green eyes,rs1110542,rs1110542-T,2e-12
DHX38,green eyes,rs9302635,rs9302635-C,7e-25
SLC7A5,green eyes,rs55777228,rs55777228-C,4e-12
CTU2,green eyes,rs12925612,rs12925612-C,3.0000000000000004e-09
PIEZO1,green eyes,rs61745086,rs61745086-A,5.999999999999999e-29
PIEZO1,green eyes,rs562212325,rs562212325-C,3.0000000000000002e-18
RP5-1142A6.2,green eyes,rs2306050,rs2306050-T,7e-15
PIEZO1,green eyes,rs2306050,rs2306050-T,7e-15
PIEZO1,green eyes,rs551118,rs551118-G,4e-93
DPEP1,green eyes,rs2250598,rs2250598-T,6e-35
DLG4,green eyes,rs200489612,rs200489612-A,1e-14
ZBTB4,green eyes,rs34914463,rs34914463-C,5e-14
DNAH2,green eyes,rs57828851,rs57828851-A,7e-22
ARHGEF15,green eyes,rs871841,rs871841-C,2e-20
OASL,green eyes,rs3213545,rs3213545-A,5e-24
FBRSL1,green eyes,rs34390795,rs34390795-C,4e-15
POMP,green eyes,rs1340817,rs1340817-G,1e-23
STARD13,green eyes,rs12863103,rs12863103-T,1e-13
DLEU1,green eyes,rs1239682,rs1239682-T,2e-12
DLEU7,green eyes,rs1841677,rs1841677-T,6e-10
DLEU7-AS1,green eyes,rs1841677,rs1841677-T,6e-10
LINC00348,green eyes,rs8000803,rs8000803-T,3e-12
IRS2,green eyes,rs34939651,rs34939651-AG,5e-10
GAS6,green eyes,rs6602909,rs6602909-C,9e-21
ARHGEF40,green eyes,rs12889267,rs12889267-G,6.0000000000000005e-15
RIPK3,green eyes,rs11844732,rs11844732-G,5e-09
NYNRIN,green eyes,rs36012880,rs36012880-C,1e-09
EGLN3,green eyes,rs797343,rs797343-T,3e-19
EGLN3,green eyes,rs12897414,rs12897414-C,3e-11
NR2E3,green eyes,rs11072332,rs11072332-T,1e-16
NRG4,green eyes,rs8027685,rs8027685-C,2e-20
NRG4,green eyes,rs4886755,rs4886755-G,2e-44
RP11-114H24.4,green eyes,rs11635174,rs11635174-G,2e-10
ACSBG1,green eyes,rs3053061,rs3053061-CGGGGTGCGG,4e-23
AKAP13,green eyes,rs55639123,rs55639123-G,1e-10
IGF1R,green eyes,rs2871974,rs2871974-T,3e-10
GMDS,green eyes,rs560176773,rs560176773-AT,1e-13
GMDS,green eyes,rs115986297,rs115986297-G,1e-33
RREB1,green eyes,rs6927173,rs6927173-T,6.999999999999999e-11
RREB1,green eyes,rs12192672,rs12192672-A,4e-19
EDN1,green eyes,rs2859337,rs2859337-G,1e-14
GMPR,green eyes,rs71535075,rs71535075-GTC,1e-20
CASC15,green eyes,rs6911827,rs6911827-T,7e-22
HFE,green eyes,rs1800562,rs1800562-A,0.0
HIST1H1T,green eyes,rs198851,rs198851-G,0.0
HIST1H4C,green eyes,rs198851,rs198851-G,0.0
MICF,green eyes,rs17185657,rs17185657-T,2e-15
TRIM15,green eyes,rs1029238,rs1029238-A,4e-11
CCHCR1,green eyes,rs1265075,rs1265075-A,8e-10
FAM35A,green eyes,rs4933432,rs4933432-A,6e-12
RNLS,green eyes,rs2576159,rs2576159-T,1e-11
PDLIM1,green eyes,rs7910217,rs7910217-A,3e-10
RP11-724N1.1,green eyes,rs28606370,rs28606370-A,4e-11
TCF7L2,green eyes,rs3814570,rs3814570-T,8e-09
EGLN2,green eyes,rs117916638,rs117916638-A,3e-16
KCNN4,green eyes,rs1058,rs1058-G,8e-23
EXOC3L2,green eyes,rs3803906,rs3803906-G,1e-13
MARK4,green eyes,rs7255933,rs7255933-A,2e-11
FBXO46,green eyes,rs11356211,rs11356211-C,3.0000000000000004e-09
PPP5C,green eyes,rs4803936,rs4803936-A,1e-09
SAE1,green eyes,rs568754328,rs568754328-CT,2e-25
FCGRT,green eyes,rs150420714,rs150420714-C,5e-14
RCN3,green eyes,rs147804508,rs147804508-T,1e-10
NOSIP,green eyes,rs552708909,rs552708909-CT,4e-21
PRRG2,green eyes,rs552708909,rs552708909-CT,4e-21
SMOX,green eyes,rs78839561,rs78839561-A,1e-09
RP11-103J8.1,green eyes,rs6108789,rs6108789-G,4e-10
ABHD12,green eyes,rs541907913,rs541907913-G,3e-10
SOS2,green eyes,rs72681869,rs72681869-C,8e-10
MAP4K5,green eyes,rs12881869,rs12881869-T,2e-11
RALGAPA1,green eyes,rs113670117,rs113670117-T,6.999999999999999e-16
ESR2,green eyes,rs1256061,rs1256061-T,6e-28
CHURC1-FNTB,green eyes,rs76772442,rs76772442-G,4e-11
MAX,green eyes,rs76772442,rs76772442-G,4e-11
FNTB,green eyes,rs76772442,rs76772442-G,4e-11
FUT8,green eyes,rs144903947,rs144903947-C,5e-12
ZFP36L1,green eyes,rs34160920,rs34160920-CT,8e-10
NUMB,green eyes,rs10142359,rs10142359-G,7e-15
ELMSAN1,green eyes,rs533217053,rs533217053-C,9e-16
GPATCH2L,green eyes,rs8020977,rs8020977-G,2e-13
BCL11B,green eyes,rs1257415,rs1257415-A,3e-12
ZFYVE21,green eyes,rs1535099,rs1535099-T,9e-10
FMN1,green eyes,rs17816693,rs17816693-T,2e-13
HNF4A,green eyes,rs1800961,rs1800961-T,9e-31
TOP1,green eyes,rs6016505,rs6016505-T,2e-10
SPO11,green eyes,rs28368105,rs28368105-G,3e-10
PCK1,green eyes,rs1062601,rs1062601-G,1e-24
STX16-NPEPL1,green eyes,rs218476,rs218476-A,1e-10
STX16,green eyes,rs218476,rs218476-A,1e-10
GATA5,green eyes,rs4925184,rs4925184-A,2e-11
NRIP1,green eyes,rs2229742,rs2229742-C,6.000000000000001e-13
LINC00649,green eyes,rs743417,rs743417-T,6.999999999999999e-16
TFR2,green eyes,rs41303495,rs41303495-T,3e-14
POP7,green eyes,rs182552845,rs182552845-A,4e-09
TFR2,green eyes,rs41303501,rs41303501-T,2e-19
POP7,green eyes,rs143593369,rs143593369-G,9e-105
EPO,green eyes,rs149823406,rs149823406-T,2.9999999999999998e-36
EPO,green eyes,rs62483572,rs62483572-A,1e-78
AHCYL2,green eyes,rs9690544,rs9690544-C,4e-12
ZC3HC1,green eyes,rs11556924,rs11556924-T,2e-14
CALD1,green eyes,rs2718146,rs2718146-G,2e-10
TMEM176B,green eyes,rs146541367,rs146541367-A,7e-14
CDK5,green eyes,rs2069443,rs2069443-G,4e-13
SMARCD3,green eyes,rs61591132,rs61591132-A,7e-13
PRKAG2,green eyes,rs10265221,rs10265221-C,8.999999999999999e-177
RP11-115J16.1,green eyes,rs4240624,rs4240624-A,2e-14
AP3D1,green eyes,rs12985346,rs12985346-A,2e-46
CHAF1A,green eyes,rs549220260,rs549220260-C,4e-14
RPS15,green eyes,rs3760994,rs3760994-A,8e-12
HDGFRP2,green eyes,rs919798,rs919798-A,9e-31
NFIX,green eyes,rs10410950,rs10410950-A,3.0000000000000004e-09
TM6SF2,green eyes,rs58542926,rs58542926-T,3e-14
AC011518.1,green eyes,rs7259119,rs7259119-C,2e-13
TDRD12,green eyes,rs111959637,rs111959637-G,2e-21
FFAR2,green eyes,rs2005682,rs2005682-T,9e-10
LTBP4,green eyes,rs2278243,rs2278243-G,4e-11
RAB4B-EGLN2,green eyes,rs73047068,rs73047068-C,3e-11
RAB4B,green eyes,rs73047068,rs73047068-C,3e-11
RAB4B-EGLN2,green eyes,rs192191487,rs192191487-A,4e-14
EGLN2,green eyes,rs192191487,rs192191487-A,4e-14
EGLN2,green eyes,rs184088518,rs184088518-T,7.0000000000000005e-56
EGLN2,green eyes,rs61750953,rs61750953-T,5.0000000000000005e-25
HLF,green eyes,rs7224610,rs7224610-A,6.999999999999999e-11
VMP1,green eyes,rs10640460,rs10640460-TAA,1e-24
BCAS3,green eyes,rs8080123,rs8080123-G,1e-18
BCAS3,green eyes,rs9895661,rs9895661-T,1e-36
DDX42,green eyes,rs60325980,rs60325980-CA,5e-16
ABCA6,green eyes,rs77542162,rs77542162-G,7e-34
TMC6,green eyes,rs558567978,rs558567978-AG,7e-15
PGS1,green eyes,rs4969145,rs4969145-C,5e-09
ASB3,green eyes,rs2692533,rs2692533-C,8e-12
GPR75-ASB3,green eyes,rs2692533,rs2692533-C,8e-12
MEIS1,green eyes,rs4233937,rs4233937-G,8e-12
AAK1,green eyes,rs12987661,rs12987661-C,1e-09
MIR4435-1HG,green eyes,rs140294987,rs140294987-A,3e-11
PAX8-AS1,green eyes,rs752590,rs752590-G,1e-33
EPB41L5,green eyes,rs28930677,rs28930677-T,6e-17
TFCP2L1,green eyes,rs11694902,rs11694902-A,1e-23
TMEM163,green eyes,rs565728,rs565728-T,6.000000000000001e-09
ARHGAP15,green eyes,rs13415550,rs13415550-T,4e-10
RP11-570L15.1,green eyes,rs13415550,rs13415550-T,4e-10
TEX41,green eyes,rs143288026,rs143288026-CA,1e-25
ITGB6,green eyes,rs4470295,rs4470295-G,4e-10
COBLL1,green eyes,rs13389219,rs13389219-T,7e-18
HOXD11,green eyes,rs863678,rs863678-T,2e-25
FAM13A,green eyes,rs28418580,rs28418580-T,2e-11
SLC39A8,green eyes,rs13107325,rs13107325-T,7.000000000000001e-32
UGT8,green eyes,rs11098259,rs11098259-A,1e-12
LINC01091,green eyes,rs138780918,rs138780918-A,3e-10
SMAD1,green eyes,rs714195,rs714195-C,3.0000000000000004e-09
ARHGAP10,green eyes,rs13103534,rs13103534-G,8e-13
PDGFC,green eyes,rs35538465,rs35538465-GGGAAAGTCT,8e-09
RP11-696F12.1,green eyes,rs13133952,rs13133952-T,6e-10
EXOC3,green eyes,rs72717436,rs72717436-A,1e-17
RAPH1,green eyes,rs34762923,rs34762923-C,8e-10
KLF7,green eyes,rs768090,rs768090-T,1e-17
FZD5,green eyes,rs35994626,rs35994626-A,4e-11
STK36,green eyes,rs1427445,rs1427445-A,4e-25
FAM132B,green eyes,rs13007705,rs13007705-T,6.000000000000001e-13
ING5,green eyes,rs35736498,rs35736498-T,8e-11
PPARG,green eyes,rs35240997,rs35240997-G,2e-32
FGD5,green eyes,rs5846851,rs5846851-CA,1e-15
UBE2E2,green eyes,rs145886884,rs145886884-A,1e-11
AC133680.1,green eyes,rs4280597,rs4280597-A,2e-09
AC137674.2,green eyes,rs56388355,rs56388355-AG,4e-10
CTDSPL,green eyes,rs9816588,rs9816588-A,3e-22
PXK,green eyes,rs66520518,rs66520518-T,7e-22
RERG,green eyes,rs112393215,rs112393215-TA,3e-10
RERG-AS1,green eyes,rs112393215,rs112393215-TA,3e-10
NPRL3,green eyes,rs60992881,rs60992881-C,6e-17
PRDX1,green eyes,rs34857974,rs34857974-A,1e-09
GPRC5A,green eyes,rs67037045,rs67037045-A,3e-27
PRDM5,green eyes,rs1114026,rs1114026-T,9e-06
KCTD17,green eyes,rs2235320,rs2235320-T,4e-06
TMPRSS6,green eyes,rs733655,rs733655-C,7e-06
UBE4B,green eyes,rs113304383,rs113304383-T,2e-06
PRDM5,green eyes,rs72680432,rs72680432-G,8e-06
SPEF2,green eyes,rs6875940,rs6875940-G,6e-06
TMEM174,green eyes,rs4422515,rs4422515-T,3e-06
CSF1R,green eyes,rs11738211,rs11738211-C,2e-06
TAF8,green eyes,rs2492935,rs2492935-A,1e-07
MTRNR2L9,green eyes,rs12205562,rs12205562-G,2e-06
METTL24,green eyes,rs9487381,rs9487381-C,6e-06
KIF25,green eyes,rs79045090,rs79045090-T,5e-07
MIR548AI,green eyes,rs78788422,rs78788422-A,7e-06
C17ORF102,green eyes,rs4795936,rs4795936-G,4e-06
LOC100505817,green eyes,rs1943819,rs1943819-A,1e-06
MYO18A,green eyes,rs12453624,rs12453624-A,1e-05
LOC100505817,green eyes,rs9966816,rs9966816-C,4.9999999999999996e-06
KIF25,green eyes,rs74928432,rs74928432-T,4.9999999999999996e-06
LINC00111,green eyes,rs9975090,rs9975090-G,6e-06
TMPRSS6,green eyes,rs2413450,rs2413450-C,2e-06
